query_name,rank,fraction,lineage,query_md5,query_filename,f_weighted_at_rank,bp_match_at_rank,query_ani_at_rank,total_weighted_hashes
SRR11125891,superkingdom,0.4521786675639278,d__Bacteria,028a6fec,-,0.6302112265774252,107510000,0.9845581553800848,73807
SRR11125891,superkingdom,0.06965006729475101,Eukaryota,028a6fec,-,0.027341580066931326,16560000,0.9491004669490881,73807
SRR11125891,superkingdom,0.007823014804845221,d__Archaea,028a6fec,-,0.027165445011990735,1860000,0.9092715669002684,73807
SRR11125891,superkingdom,0.47034825033647587,unclassified,028a6fec,-,0.31528174834365275,111830000,,73807
SRR11125891,phylum,0.32141655450874684,d__Bacteria;p__Bacillota,028a6fec,-,0.5475090438576293,76420000,0.9779905793511179,73807
SRR11125891,phylum,0.07919751009421261,d__Bacteria;p__Bacteroidota,028a6fec,-,0.0471229016217974,18830000,0.9514941191079123,73807
SRR11125891,phylum,0.06965006729475101,Eukaryota;Chordata,028a6fec,-,0.027341580066931326,16560000,0.9491004669490881,73807
SRR11125891,phylum,0.02464670255720054,d__Bacteria;p__Pseudomonadota,028a6fec,-,0.0208381318845096,5860000,0.9299634057057057,73807
SRR11125891,phylum,0.015393674293405116,d__Bacteria;p__Actinomycetota,028a6fec,-,0.009850014226292897,3660000,0.9214201217236441,73807
SRR11125891,phylum,0.007823014804845221,d__Archaea;p__Methanobacteriota,028a6fec,-,0.027165445011990735,1860000,0.9092715669002684,73807
SRR11125891,phylum,0.006519179004037685,d__Bacteria;p__Desulfobacterota_I,028a6fec,-,0.0026962212256290054,1550000,0.9060267858293787,73807
SRR11125891,phylum,0.003490915208613728,d__Bacteria;p__Synergistota,028a6fec,-,0.0015852154944652947,830000,0.8949985654802414,73807
SRR11125891,phylum,0.0005888290713324361,d__Bacteria;p__Verrucomicrobiota,028a6fec,-,0.00021678160608072406,140000,0.8643038663360437,73807
SRR11125891,phylum,0.0005467698519515478,d__Bacteria;p__Spirochaetota,028a6fec,-,0.00024387930684081457,130000,0.8630488605981727,73807
SRR11125891,phylum,0.0003785329744279946,d__Bacteria;p__Planctomycetota,028a6fec,-,0.00014903735418049779,90000,0.8568484085867073,73807
SRR11125891,phylum,0.4703482503364752,unclassified,028a6fec,-,0.3152817483436524,111830000,,73807
SRR11125891,class,0.2579491924629877,d__Bacteria;p__Bacillota;c__Clostridia,028a6fec,-,0.447775956210115,61330000,0.9737813539137601,73807
SRR11125891,class,0.07919751009421261,d__Bacteria;p__Bacteroidota;c__Bacteroidia,028a6fec,-,0.0471229016217974,18830000,0.9514941191079123,73807
SRR11125891,class,0.06965006729475101,Eukaryota;Chordata;Mammalia,028a6fec,-,0.027341580066931326,16560000,0.9491004669490881,73807
SRR11125891,class,0.05379374158815613,d__Bacteria;p__Bacillota;c__Bacilli,028a6fec,-,0.0944896825504356,12790000,0.9443052132249196,73807
SRR11125891,class,0.02464670255720054,d__Bacteria;p__Pseudomonadota;c__Gammaproteobacteria,028a6fec,-,0.0208381318845096,5860000,0.9299634057057057,73807
SRR11125891,class,0.008495962314939437,d__Bacteria;p__Actinomycetota;c__Actinomycetes,028a6fec,-,0.004362729822374572,2020000,0.9107440131358067,73807
SRR11125891,class,0.007823014804845221,d__Archaea;p__Methanobacteriota;c__Methanobacteria,028a6fec,-,0.027165445011990735,1860000,0.9092715669002684,73807
SRR11125891,class,0.006897711978465679,d__Bacteria;p__Actinomycetota;c__Coriobacteriia,028a6fec,-,0.005487284403918327,1640000,0.9070300338019356,73807
SRR11125891,class,0.006519179004037685,d__Bacteria;p__Desulfobacterota_I;c__Desulfovibrionia,028a6fec,-,0.0026962212256290054,1550000,0.9060267858293787,73807
SRR11125891,class,0.005846231493943472,d__Bacteria;p__Bacillota;c__Negativicutes,028a6fec,-,0.00319752868969068,1390000,0.9040933088478977,73807
SRR11125891,class,0.0038273889636608344,d__Bacteria;p__Bacillota;c__Peptococcia,028a6fec,-,0.0020458764073868333,910000,0.8966148620469877,73807
SRR11125891,class,0.003490915208613728,d__Bacteria;p__Synergistota;c__Synergistia,028a6fec,-,0.0015852154944652947,830000,0.8949985654802414,73807
SRR11125891,class,0.0005888290713324361,d__Bacteria;p__Verrucomicrobiota;c__Lentisphaeria,028a6fec,-,0.00021678160608072406,140000,0.8643038663360437,73807
SRR11125891,class,0.0005467698519515478,d__Bacteria;p__Spirochaetota;c__Spirochaetia,028a6fec,-,0.00024387930684081457,130000,0.8630488605981727,73807
SRR11125891,class,0.0003785329744279946,d__Bacteria;p__Planctomycetota;c__Planctomycetia,028a6fec,-,0.00014903735418049779,90000,0.8568484085867073,73807
SRR11125891,class,0.47034825033647387,unclassified,028a6fec,-,0.31528174834365374,111830000,,73807
SRR11125891,order,0.13248654104979807,d__Bacteria;p__Bacillota;c__Clostridia;o__Oscillospirales,028a6fec,-,0.2554771227661332,31500000,0.9611422791365967,73807
SRR11125891,order,0.07919751009421261,d__Bacteria;p__Bacteroidota;c__Bacteroidia;o__Bacteroidales,028a6fec,-,0.0471229016217974,18830000,0.9514941191079123,73807
SRR11125891,order,0.06965006729475101,Eukaryota;Chordata;Mammalia;Artiodactyla,028a6fec,-,0.027341580066931326,16560000,0.9491004669490881,73807
SRR11125891,order,0.04601278600269178,d__Bacteria;p__Bacillota;c__Clostridia;o__Lachnospirales,028a6fec,-,0.04666224070887585,10940000,0.9414167734282712,73807
SRR11125891,order,0.044162180349932696,d__Bacteria;p__Bacillota;c__Clostridia;o__Christensenellales,028a6fec,-,0.06538675193409839,10500000,0.9406593201393354,73807
SRR11125891,order,0.038105652759084785,d__Bacteria;p__Bacillota;c__Bacilli;o__Lactobacillales,028a6fec,-,0.08455837522186242,9060000,0.9379426032793673,73807
SRR11125891,order,0.026160834454912525,d__Bacteria;p__Bacillota;c__Clostridia;o__Peptostreptococcales,028a6fec,-,0.0764426138442153,6220000,0.9310511923909185,73807
SRR11125891,order,0.02464670255720054,d__Bacteria;p__Pseudomonadota;c__Gammaproteobacteria;o__Enterobacterales,028a6fec,-,0.0208381318845096,5860000,0.9299634057057057,73807
SRR11125891,order,0.01030450874831763,d__Bacteria;p__Bacillota;c__Bacilli;o__Erysipelotrichales,028a6fec,-,0.006232471174820816,2450000,0.9141969137795922,73807
SRR11125891,order,0.007823014804845221,d__Archaea;p__Methanobacteriota;c__Methanobacteria;o__Methanobacteriales,028a6fec,-,0.027165445011990735,1860000,0.9092715669002684,73807
SRR11125891,order,0.006897711978465679,d__Bacteria;p__Actinomycetota;c__Coriobacteriia;o__Coriobacteriales,028a6fec,-,0.005487284403918327,1640000,0.9070300338019356,73807
SRR11125891,order,0.006519179004037685,d__Bacteria;p__Desulfobacterota_I;c__Desulfovibrionia;o__Desulfovibrionales,028a6fec,-,0.0026962212256290054,1550000,0.9060267858293787,73807
SRR11125891,order,0.005972409152086138,d__Bacteria;p__Bacillota;c__Clostridia;o__Clostridiales,028a6fec,-,0.002533635021068462,1420000,0.9044719217686659,73807
SRR11125891,order,0.005720053835800808,d__Bacteria;p__Actinomycetota;c__Actinomycetes;o__Actinomycetales,028a6fec,-,0.003156882138550544,1360000,0.903706598345413,73807
SRR11125891,order,0.004584454912516823,d__Bacteria;p__Bacillota;c__Bacilli;o__RF39,028a6fec,-,0.003143333288170499,1090000,0.8997935924947901,73807
SRR11125891,order,0.0042479811574697175,d__Bacteria;p__Bacillota;c__Negativicutes;o__Selenomonadales,028a6fec,-,0.0024252442180281004,1010000,0.898449716766627,73807
SRR11125891,order,0.0038273889636608344,d__Bacteria;p__Bacillota;c__Peptococcia;o__Peptococcales,028a6fec,-,0.0020458764073868333,910000,0.8966148620469877,73807
SRR11125891,order,0.003490915208613728,d__Bacteria;p__Synergistota;c__Synergistia;o__Synergistales,028a6fec,-,0.0015852154944652947,830000,0.8949985654802414,73807
SRR11125891,order,0.002775908479138627,d__Bacteria;p__Actinomycetota;c__Actinomycetes;o__Mycobacteriales,028a6fec,-,0.0012058476838240277,660000,0.8909856082227754,73807
SRR11125891,order,0.002607671601615074,d__Bacteria;p__Bacillota;c__Clostridia;o__Eubacteriales,028a6fec,-,0.0010432614792634846,620000,0.8898940276675501,73807
SRR11125891,order,0.001598250336473755,d__Bacteria;p__Bacillota;c__Negativicutes;o__Acidaminococcales,028a6fec,-,0.0007722844716625795,380000,0.8813928151934151,73807
SRR11125891,order,0.0007991251682368775,d__Bacteria;p__Bacillota;c__Bacilli;o__MOL361,028a6fec,-,0.0005555028655818554,190000,0.8694947358963101,73807
SRR11125891,order,0.0005888290713324361,d__Bacteria;p__Verrucomicrobiota;c__Lentisphaeria;o__Victivallales,028a6fec,-,0.00021678160608072406,140000,0.8643038663360437,73807
SRR11125891,order,0.0005467698519515478,d__Bacteria;p__Spirochaetota;c__Spirochaetia;o__Sphaerochaetales,028a6fec,-,0.00024387930684081457,130000,0.8630488605981727,73807
SRR11125891,order,0.0003785329744279946,d__Bacteria;p__Planctomycetota;c__Planctomycetia;o__Pirellulales,028a6fec,-,0.00014903735418049779,90000,0.8568484085867073,73807
SRR11125891,order,0.00029441453566621804,d__Bacteria;p__Bacillota;c__Clostridia;o__TANB77,028a6fec,-,0.00014903735418049779,70000,0.8526364738168479,73807
SRR11125891,order,0.00025235531628532975,d__Bacteria;p__Bacillota;c__Clostridia;o__Tissierellales,028a6fec,-,8.129310228027151e-05,60000,0.8500632177857105,73807
SRR11125891,order,0.47034825033647376,unclassified,028a6fec,-,0.3152817483436532,111830000,,73807
SRR11125891,family,0.08109017496635262,d__Bacteria;p__Bacillota;c__Clostridia;o__Oscillospirales;f__Oscillospiraceae,028a6fec,-,0.08985597572046014,19280000,0.9519348365494258,73807
SRR11125891,family,0.06965006729475101,Eukaryota;Chordata;Mammalia;Artiodactyla;Suidae,028a6fec,-,0.027341580066931326,16560000,0.9491004669490881,73807
SRR11125891,family,0.04601278600269178,d__Bacteria;p__Bacillota;c__Clostridia;o__Lachnospirales;f__Lachnospiraceae,028a6fec,-,0.04666224070887585,10940000,0.9414167734282712,73807
SRR11125891,family,0.029819986541049805,d__Bacteria;p__Bacillota;c__Clostridia;o__Oscillospirales;f__Acutalibacteraceae,028a6fec,-,0.15299361849147103,7090000,0.9334442423380699,73807
SRR11125891,family,0.028642328398384934,d__Bacteria;p__Bacteroidota;c__Bacteroidia;o__Bacteroidales;f__Bacteroidaceae,028a6fec,-,0.01501212622109014,6810000,0.9327070536956474,73807
SRR11125891,family,0.02464670255720054,d__Bacteria;p__Pseudomonadota;c__Gammaproteobacteria;o__Enterobacterales;f__Enterobacteriaceae,028a6fec,-,0.0208381318845096,5860000,0.9299634057057057,73807
SRR11125891,family,0.024268169582772548,d__Bacteria;p__Bacillota;c__Clostridia;o__Christensenellales;f__CAG-138,028a6fec,-,0.05655290148630889,5770000,0.9296812224467713,73807
SRR11125891,family,0.02355316285329745,d__Bacteria;p__Bacteroidota;c__Bacteroidia;o__Bacteroidales;f__Muribaculaceae,028a6fec,-,0.015540531385911906,5600000,0.9291362338993492,73807
SRR11125891,family,0.020945491251682373,d__Bacteria;p__Bacillota;c__Clostridia;o__Peptostreptococcales;f__Anaerovoracaceae,028a6fec,-,0.07370574606744616,4980000,0.9270010090443669,73807
SRR11125891,family,0.01985195154777928,d__Bacteria;p__Bacillota;c__Bacilli;o__Lactobacillales;f__Lactobacillaceae,028a6fec,-,0.0646415651631959,4720000,0.9260268779795019,73807
SRR11125891,family,0.01699192462987887,d__Bacteria;p__Bacillota;c__Bacilli;o__Lactobacillales;f__Enterococcaceae,028a6fec,-,0.019252916390044304,4040000,0.9232065434310396,73807
SRR11125891,family,0.015940444145356662,d__Bacteria;p__Bacillota;c__Clostridia;o__Christensenellales;f__Aristaeellaceae,028a6fec,-,0.006855718292302899,3790000,0.9220509298711956,73807
SRR11125891,family,0.01577220726783311,d__Bacteria;p__Bacillota;c__Clostridia;o__Oscillospirales;f__Ruminococcaceae,028a6fec,-,0.009335157911851182,3750000,0.9218591238332967,73807
SRR11125891,family,0.012996298788694483,d__Bacteria;p__Bacteroidota;c__Bacteroidia;o__Bacteroidales;f__Tannerellaceae,028a6fec,-,0.007926077472326473,3090000,0.9183665826186117,73807
SRR11125891,family,0.010094212651413192,d__Bacteria;p__Bacteroidota;c__Bacteroidia;o__Bacteroidales;f__UBA932,028a6fec,-,0.007072499898383622,2400000,0.9138273789032101,73807
SRR11125891,family,0.009168909825033647,d__Bacteria;p__Bacillota;c__Bacilli;o__Erysipelotrichales;f__Erysipelotrichaceae,028a6fec,-,0.005812456813039412,2180000,0.91210627832548,73807
SRR11125891,family,0.007823014804845221,d__Archaea;p__Methanobacteriota;c__Methanobacteria;o__Methanobacteriales;f__Methanobacteriaceae,028a6fec,-,0.027165445011990735,1860000,0.9092715669002684,73807
SRR11125891,family,0.006519179004037685,d__Bacteria;p__Desulfobacterota_I;c__Desulfovibrionia;o__Desulfovibrionales;f__Desulfovibrionaceae,028a6fec,-,0.0026962212256290054,1550000,0.9060267858293787,73807
SRR11125891,family,0.005972409152086138,d__Bacteria;p__Bacillota;c__Clostridia;o__Clostridiales;f__Clostridiaceae,028a6fec,-,0.002533635021068462,1420000,0.9044719217686659,73807
SRR11125891,family,0.005467698519515478,d__Bacteria;p__Actinomycetota;c__Actinomycetes;o__Actinomycetales;f__Actinomycetaceae,028a6fec,-,0.003048491335510182,1300000,0.9029074296590366,73807
SRR11125891,family,0.005215343203230148,d__Bacteria;p__Bacillota;c__Clostridia;o__Peptostreptococcales;f__Peptostreptococcaceae,028a6fec,-,0.002736867776769141,1240000,0.902071248839906,73807
SRR11125891,family,0.0050891655450874835,d__Bacteria;p__Actinomycetota;c__Coriobacteriia;o__Coriobacteriales;f__Eggerthellaceae,028a6fec,-,0.004227241318574119,1210000,0.901638163717718,73807
SRR11125891,family,0.004584454912516823,d__Bacteria;p__Bacillota;c__Bacilli;o__RF39;f__UBA660,028a6fec,-,0.003143333288170499,1090000,0.8997935924947901,73807
SRR11125891,family,0.0042479811574697175,d__Bacteria;p__Bacillota;c__Negativicutes;o__Selenomonadales;f__Selenomonadaceae,028a6fec,-,0.0024252442180281004,1010000,0.898449716766627,73807
SRR11125891,family,0.0038273889636608344,d__Bacteria;p__Bacillota;c__Peptococcia;o__Peptococcales;f__Peptococcaceae,028a6fec,-,0.0020458764073868333,910000,0.8966148620469877,73807
SRR11125891,family,0.003490915208613728,d__Bacteria;p__Synergistota;c__Synergistia;o__Synergistales;f__Synergistaceae,028a6fec,-,0.0015852154944652947,830000,0.8949985654802414,73807
SRR11125891,family,0.002775908479138627,d__Bacteria;p__Actinomycetota;c__Actinomycetes;o__Mycobacteriales;f__Mycobacteriaceae,028a6fec,-,0.0012058476838240277,660000,0.8909856082227754,73807
SRR11125891,family,0.002607671601615074,d__Bacteria;p__Bacillota;c__Clostridia;o__Eubacteriales;f__Eubacteriaceae,028a6fec,-,0.0010432614792634846,620000,0.8898940276675501,73807
SRR11125891,family,0.002565612382234186,d__Bacteria;p__Bacillota;c__Clostridia;o__Christensenellales;f__CAG-917,028a6fec,-,0.001232945384584118,610000,0.889610344650468,73807
SRR11125891,family,0.0025235531628532977,d__Bacteria;p__Bacteroidota;c__Bacteroidia;o__Bacteroidales;f__Marinifilaceae,028a6fec,-,0.0010568103296435297,600000,0.889322065133853,73807
SRR11125891,family,0.002145020188425303,d__Bacteria;p__Bacillota;c__Clostridia;o__Oscillospirales;f__QAMX01,028a6fec,-,0.0009348706762231224,510000,0.8864926214316614,73807
SRR11125891,family,0.001598250336473755,d__Bacteria;p__Bacillota;c__Clostridia;o__Oscillospirales;f__CAG-382,028a6fec,-,0.0013548850380045254,380000,0.8813928151934151,73807
SRR11125891,family,0.001598250336473755,d__Bacteria;p__Bacillota;c__Negativicutes;o__Acidaminococcales;f__Acidaminococcaceae,028a6fec,-,0.0007722844716625795,380000,0.8813928151934151,73807
SRR11125891,family,0.0012617765814266488,d__Bacteria;p__Bacillota;c__Bacilli;o__Lactobacillales;f__Streptococcaceae,028a6fec,-,0.0006638936686222173,300000,0.8773169474732266,73807
SRR11125891,family,0.0012617765814266488,d__Bacteria;p__Bacillota;c__Clostridia;o__Oscillospirales;f__UMGS1384,028a6fec,-,0.0005148563144417197,300000,0.8773169474732266,73807
SRR11125891,family,0.0012617765814266486,d__Bacteria;p__Actinomycetota;c__Coriobacteriia;o__Coriobacteriales;f__UMGS124,028a6fec,-,0.0005013074640616744,300000,0.8773169474732266,73807
SRR11125891,family,0.0011355989232839838,d__Bacteria;p__Bacillota;c__Bacilli;o__Erysipelotrichales;f__Coprobacillaceae,028a6fec,-,0.00042001436178140287,270000,0.8755063758700702,73807
SRR11125891,family,0.0007991251682368775,d__Bacteria;p__Bacillota;c__Bacilli;o__MOL361;f__Turicibacteraceae,028a6fec,-,0.0005555028655818554,190000,0.8694947358963101,73807
SRR11125891,family,0.0007570659488559892,d__Bacteria;p__Bacteroidota;c__Bacteroidia;o__Bacteroidales;f__Rikenellaceae,028a6fec,-,0.00028452585798095033,180000,0.8685734368014595,73807
SRR11125891,family,0.0007570659488559892,d__Bacteria;p__Bacillota;c__Clostridia;o__Christensenellales;f__Christensenellaceae,028a6fec,-,0.0004606609129215386,180000,0.8685734368014595,73807
SRR11125891,family,0.0006308882907133243,d__Bacteria;p__Bacteroidota;c__Bacteroidia;o__Bacteroidales;f__P3,028a6fec,-,0.0002303304564607693,150000,0.8654738890436661,73807
SRR11125891,family,0.0005467698519515478,d__Bacteria;p__Spirochaetota;c__Spirochaetia;o__Sphaerochaetales;f__Sphaerochaetaceae,028a6fec,-,0.00024387930684081457,130000,0.8630488605981727,73807
SRR11125891,family,0.0005467698519515477,d__Bacteria;p__Actinomycetota;c__Coriobacteriia;o__Coriobacteriales;f__Coriobacteriaceae,028a6fec,-,0.0007587356212825342,130000,0.8630488605981727,73807
SRR11125891,family,0.0005047106325706595,d__Bacteria;p__Bacillota;c__Clostridia;o__Oscillospirales;f__CAG-272,028a6fec,-,0.00021678160608072406,120000,0.8616953981258715,73807
SRR11125891,family,0.0003785329744279946,d__Bacteria;p__Bacillota;c__Clostridia;o__Christensenellales;f__UBA1750,028a6fec,-,0.00016258620456054303,90000,0.8568484085867073,73807
SRR11125891,family,0.0003785329744279946,d__Bacteria;p__Planctomycetota;c__Planctomycetia;o__Pirellulales;f__Thermoguttaceae,028a6fec,-,0.00014903735418049779,90000,0.8568484085867073,73807
SRR11125891,family,0.0003785329744279946,d__Bacteria;p__Verrucomicrobiota;c__Lentisphaeria;o__Victivallales;f__UBA1829,028a6fec,-,0.00014903735418049779,90000,0.8568484085867073,73807
SRR11125891,family,0.00029441453566621804,d__Bacteria;p__Bacillota;c__Clostridia;o__Oscillospirales;f__Butyricicoccaceae,028a6fec,-,0.0002709770076009051,70000,0.8526364738168479,73807
SRR11125891,family,0.00029441453566621804,d__Bacteria;p__Bacillota;c__Clostridia;o__TANB77;f__CAG-508,028a6fec,-,0.00014903735418049779,70000,0.8526364738168479,73807
SRR11125891,family,0.00025235531628532975,d__Bacteria;p__Bacillota;c__Clostridia;o__Tissierellales;f__Peptoniphilaceae,028a6fec,-,8.129310228027151e-05,60000,0.8500632177857105,73807
SRR11125891,family,0.00025235531628532975,d__Bacteria;p__Bacillota;c__Clostridia;o__Christensenellales;f__Maliibacteriaceae,028a6fec,-,0.00012193965342040727,60000,0.8500632177857105,73807
SRR11125891,family,0.00025235531628532975,d__Bacteria;p__Actinomycetota;c__Actinomycetes;o__Actinomycetales;f__Micrococcaceae,028a6fec,-,0.00010839080304036203,60000,0.8500632177857105,73807
SRR11125891,family,0.00021029609690444146,d__Bacteria;p__Verrucomicrobiota;c__Lentisphaeria;o__Victivallales;f__Victivallaceae,028a6fec,-,6.774425190022627e-05,50000,0.8470297246704097,73807
SRR11125891,family,0.47034825033647343,unclassified,028a6fec,-,0.3152817483436531,111830000,,73807
SRR11125891,genus,0.06885094212651413,Eukaryota;Chordata;Mammalia;Artiodactyla;Suidae;Sus,028a6fec,-,0.02704350535857033,16370000,0.9488857385118675,73807
SRR11125891,genus,0.02464670255720054,d__Bacteria;p__Pseudomonadota;c__Gammaproteobacteria;o__Enterobacterales;f__Enterobacteriaceae;g__Escherichia,028a6fec,-,0.0208381318845096,5860000,0.9299634057057057,73807
SRR11125891,genus,0.020314602960969052,d__Bacteria;p__Bacillota;c__Clostridia;o__Oscillospirales;f__Oscillospiraceae;g__Vescimonas,028a6fec,-,0.029617786930778923,4830000,0.9264452763899929,73807
SRR11125891,genus,0.017496635262449534,d__Bacteria;p__Bacteroidota;c__Bacteroidia;o__Bacteroidales;f__Bacteroidaceae;g__Prevotella,028a6fec,-,0.008779655046269324,4160000,0.923736550577748,73807
SRR11125891,genus,0.016697510094212654,d__Bacteria;p__Bacillota;c__Bacilli;o__Lactobacillales;f__Lactobacillaceae;g__Limosilactobacillus,028a6fec,-,0.06277182381074967,3970000,0.9228901985176527,73807
SRR11125891,genus,0.01358512786002692,d__Bacteria;p__Bacillota;c__Clostridia;o__Oscillospirales;f__Oscillospiraceae;g__Faecousia,028a6fec,-,0.02720609156313087,3230000,0.9191648466888609,73807
SRR11125891,genus,0.012996298788694483,d__Bacteria;p__Bacteroidota;c__Bacteroidia;o__Bacteroidales;f__Tannerellaceae;g__Parabacteroides,028a6fec,-,0.007926077472326473,3090000,0.9183665826186117,73807
SRR11125891,genus,0.012617765814266487,d__Bacteria;p__Bacillota;c__Clostridia;o__Lachnospirales;f__Lachnospiraceae;g__Oliverpabstia,028a6fec,-,0.011502973972658419,3000000,0.9178344659308624,73807
SRR11125891,genus,0.01080921938088829,d__Bacteria;p__Bacteroidota;c__Bacteroidia;o__Bacteroidales;f__Muribaculaceae;g__Sodaliphilus,028a6fec,-,0.007844784370046202,2570000,0.9150544716864322,73807
SRR11125891,genus,0.010178331090174967,d__Bacteria;p__Bacillota;c__Clostridia;o__Lachnospirales;f__Lachnospiraceae;g__Schaedlerella,028a6fec,-,0.01684122102239625,2420000,0.9139760904771604,73807
SRR11125891,genus,0.010136271870794078,d__Bacteria;p__Bacillota;c__Bacilli;o__Lactobacillales;f__Enterococcaceae;g__Enterococcus,028a6fec,-,0.009755172273632581,2410000,0.9139018859309354,73807
SRR11125891,genus,0.010094212651413192,d__Bacteria;p__Bacteroidota;c__Bacteroidia;o__Bacteroidales;f__UBA932;g__Cryptobacteroides,028a6fec,-,0.007072499898383622,2400000,0.9138273789032101,73807
SRR11125891,genus,0.009379205921938088,d__Bacteria;p__Bacillota;c__Clostridia;o__Oscillospirales;f__Ruminococcaceae;g__Gemmiger,028a6fec,-,0.0056634194588589155,2230000,0.912511928666991,73807
SRR11125891,genus,0.0093371467025572,d__Bacteria;p__Bacillota;c__Clostridia;o__Christensenellales;f__CAG-138;g__SFEL01,028a6fec,-,0.006869267142682943,2220000,0.9124315168354757,73807
SRR11125891,genus,0.008453903095558546,d__Bacteria;p__Bacillota;c__Clostridia;o__Oscillospirales;f__Acutalibacteraceae;g__Limousia,028a6fec,-,0.1345536331242294,2010000,0.9106553933166402,73807
SRR11125891,genus,0.008243606998654104,d__Bacteria;p__Bacillota;c__Clostridia;o__Peptostreptococcales;f__Anaerovoracaceae;g__Lentihominibacter,028a6fec,-,0.019266465240424354,1960000,0.9102057075981914,73807
SRR11125891,genus,0.008159488559892328,d__Bacteria;p__Bacillota;c__Clostridia;o__Christensenellales;f__CAG-138;g__Phil1,028a6fec,-,0.041744008020919425,1940000,0.9100226764936538,73807
SRR11125891,genus,0.007823014804845221,d__Archaea;p__Methanobacteriota;c__Methanobacteria;o__Methanobacteriales;f__Methanobacteriaceae;g__Methanocatella,028a6fec,-,0.027165445011990735,1860000,0.9092715669002684,73807
SRR11125891,genus,0.007612718707940781,d__Bacteria;p__Bacillota;c__Clostridia;o__Oscillospirales;f__Acutalibacteraceae;g__Fimenecus,028a6fec,-,0.008942241250829867,1810000,0.908785866764606,73807
SRR11125891,genus,0.007570659488559893,d__Bacteria;p__Bacillota;c__Clostridia;o__Oscillospirales;f__Oscillospiraceae;g__F23-B02,028a6fec,-,0.008156407928787242,1800000,0.9086871498201964,73807
SRR11125891,genus,0.007444481830417227,d__Bacteria;p__Bacillota;c__Clostridia;o__Peptostreptococcales;f__Anaerovoracaceae;g__Mogibacterium_A,028a6fec,-,0.05056430961832888,1770000,0.9083877400909016,73807
SRR11125891,genus,0.007318304172274562,d__Bacteria;p__Bacillota;c__Clostridia;o__Oscillospirales;f__Oscillospiraceae;g__Oscillibacter,028a6fec,-,0.003847873507932852,1740000,0.908083313197972,73807
SRR11125891,genus,0.006855652759084792,d__Bacteria;p__Bacillota;c__Bacilli;o__Lactobacillales;f__Enterococcaceae;g__Enterococcus_E,028a6fec,-,0.009497744116411723,1630000,0.9069212638223126,73807
SRR11125891,genus,0.006771534320323015,d__Bacteria;p__Bacillota;c__Clostridia;o__Christensenellales;f__Aristaeellaceae;g__Ventricola,028a6fec,-,0.00319752868969068,1610000,0.9067017472357565,73807
SRR11125891,genus,0.006519179004037685,d__Bacteria;p__Bacillota;c__Clostridia;o__Christensenellales;f__CAG-138;g__CAG-1024,028a6fec,-,0.007329928055604482,1550000,0.9060267858293787,73807
SRR11125891,genus,0.006477119784656796,d__Bacteria;p__Bacteroidota;c__Bacteroidia;o__Bacteroidales;f__Bacteroidaceae;g__Bacteroides,028a6fec,-,0.004132399365913802,1540000,0.9059118074096504,73807
SRR11125891,genus,0.005846231493943473,d__Bacteria;p__Bacillota;c__Clostridia;o__Oscillospirales;f__Oscillospiraceae;g__Hominicoprocola,028a6fec,-,0.0038207758071727607,1390000,0.9040933088478977,73807
SRR11125891,genus,0.005846231493943472,d__Bacteria;p__Bacteroidota;c__Bacteroidia;o__Bacteroidales;f__Muribaculaceae;g__UBA7173,028a6fec,-,0.004674353381115612,1390000,0.9040933088478977,73807
SRR11125891,genus,0.00567799461641992,d__Bacteria;p__Bacillota;c__Clostridia;o__Oscillospirales;f__Oscillospiraceae;g__Intestinimonas,028a6fec,-,0.0031839798393106344,1350000,0.9035758342449587,73807
SRR11125891,genus,0.005383580080753701,d__Bacteria;p__Bacillota;c__Clostridia;o__Oscillospirales;f__Oscillospiraceae;g__Pseudoflavonifractor_A,028a6fec,-,0.0031433332881704986,1280000,0.9026329842162978,73807
SRR11125891,genus,0.005341520861372813,d__Bacteria;p__Bacillota;c__Clostridia;o__Clostridiales;f__Clostridiaceae;g__Clostridium,028a6fec,-,0.002316853414987738,1270000,0.9024941809548443,73807
SRR11125891,genus,0.005215343203230148,d__Bacteria;p__Bacillota;c__Clostridia;o__Peptostreptococcales;f__Peptostreptococcaceae;g__Romboutsia,028a6fec,-,0.002736867776769141,1240000,0.902071248839906,73807
SRR11125891,genus,0.0050891655450874835,d__Bacteria;p__Actinomycetota;c__Actinomycetes;o__Actinomycetales;f__Actinomycetaceae;g__Actinomyces,028a6fec,-,0.002885905130949639,1210000,0.901638163717718,73807
SRR11125891,genus,0.0050891655450874835,d__Bacteria;p__Actinomycetota;c__Coriobacteriia;o__Coriobacteriales;f__Eggerthellaceae;g__W1P20-047,028a6fec,-,0.004227241318574119,1210000,0.901638163717718,73807
SRR11125891,genus,0.00492092866756393,d__Bacteria;p__Bacillota;c__Clostridia;o__Lachnospirales;f__Lachnospiraceae;g__Enterocloster,028a6fec,-,0.006787974040402671,1170000,0.9010440454429582,73807
SRR11125891,genus,0.004458277254374159,d__Bacteria;p__Bacillota;c__Bacilli;o__Erysipelotrichales;f__Erysipelotrichaceae;g__Floccifex,028a6fec,-,0.00322462639045077,1060000,0.8993013321241952,73807
SRR11125891,genus,0.004458277254374159,d__Bacteria;p__Bacillota;c__Clostridia;o__Oscillospirales;f__Acutalibacteraceae;g__Eubacterium_R,028a6fec,-,0.004660804530735568,1060000,0.8993013321241952,73807
SRR11125891,genus,0.004332099596231495,d__Bacteria;p__Desulfobacterota_I;c__Desulfovibrionia;o__Desulfovibrionales;f__Desulfovibrionaceae;g__Bilophila,028a6fec,-,0.0017884482501659732,1030000,0.898795218977081,73807
SRR11125891,genus,0.0042479811574697175,d__Bacteria;p__Bacillota;c__Negativicutes;o__Selenomonadales;f__Selenomonadaceae;g__Anaerovibrio,028a6fec,-,0.0024252442180281004,1010000,0.898449716766627,73807
SRR11125891,genus,0.0042479811574697175,d__Bacteria;p__Bacillota;c__Clostridia;o__Peptostreptococcales;f__Anaerovoracaceae;g__CAG-238,028a6fec,-,0.002818160879049413,1010000,0.898449716766627,73807
SRR11125891,genus,0.004079744279946164,d__Bacteria;p__Bacillota;c__Clostridia;o__Oscillospirales;f__Oscillospiraceae;g__Limivicinus,028a6fec,-,0.005338247049737829,970000,0.8977381175768567,73807
SRR11125891,genus,0.003911507402422611,d__Bacteria;p__Bacillota;c__Clostridia;o__Lachnospirales;f__Lachnospiraceae;g__SFDP01,028a6fec,-,0.0020052298562466975,930000,0.896997147346249,73807
SRR11125891,genus,0.0038273889636608344,d__Bacteria;p__Bacillota;c__Peptococcia;o__Peptococcales;f__Peptococcaceae;g__UMGS1590,028a6fec,-,0.0020458764073868333,910000,0.8966148620469877,73807
SRR11125891,genus,0.0037012113055181696,d__Bacteria;p__Bacillota;c__Bacilli;o__RF39;f__UBA660;g__Aphodocola,028a6fec,-,0.0028452585798095036,880000,0.8960257038561731,73807
SRR11125891,genus,0.0037012113055181696,d__Bacteria;p__Bacillota;c__Clostridia;o__Oscillospirales;f__Acutalibacteraceae;g__CAG-177,028a6fec,-,0.0018561925020661998,880000,0.8960257038561731,73807
SRR11125891,genus,0.003575033647375505,d__Bacteria;p__Bacillota;c__Clostridia;o__Oscillospirales;f__Oscillospiraceae;g__CAG-170,028a6fec,-,0.0017884482501659734,850000,0.8954165159091093,73807
SRR11125891,genus,0.0032385598923283985,d__Bacteria;p__Bacillota;c__Clostridia;o__Lachnospirales;f__Lachnospiraceae;g__Limivivens,028a6fec,-,0.0015039223921850232,770000,0.8936827418500697,73807
SRR11125891,genus,0.00319650067294751,d__Bacteria;p__Synergistota;c__Synergistia;o__Synergistales;f__Synergistaceae;g__Cloacibacillus,028a6fec,-,0.0014632758410448874,760000,0.8934537066216529,73807
SRR11125891,genus,0.003154441453566622,d__Bacteria;p__Bacteroidota;c__Bacteroidia;o__Bacteroidales;f__Bacteroidaceae;g__Phocaeicola,028a6fec,-,0.0015039223921850227,750000,0.893221697594942,73807
SRR11125891,genus,0.0031123822341857336,d__Bacteria;p__Bacillota;c__Clostridia;o__Oscillospirales;f__Acutalibacteraceae;g__Hominenteromicrobium,028a6fec,-,0.0016529597463655209,740000,0.8929866357259498,73807
SRR11125891,genus,0.002775908479138627,d__Bacteria;p__Actinomycetota;c__Actinomycetes;o__Mycobacteriales;f__Mycobacteriaceae;g__Corynebacterium,028a6fec,-,0.0012058476838240277,660000,0.8909856082227754,73807
SRR11125891,genus,0.0026917900403768506,d__Bacteria;p__Bacteroidota;c__Bacteroidia;o__Bacteroidales;f__Muribaculaceae;g__CAG-873,028a6fec,-,0.0013277873372444346,640000,0.8904481800775992,73807
SRR11125891,genus,0.0026497308209959625,d__Bacteria;p__Bacillota;c__Clostridia;o__Christensenellales;f__Aristaeellaceae;g__SFHK01,028a6fec,-,0.0010026149281233488,630000,0.8901732598634963,73807
SRR11125891,genus,0.002607671601615074,d__Bacteria;p__Bacillota;c__Clostridia;o__Eubacteriales;f__Eubacteriaceae;g__Eubacterium,028a6fec,-,0.0010432614792634846,620000,0.8898940276675501,73807
SRR11125891,genus,0.002565612382234186,d__Bacteria;p__Bacillota;c__Clostridia;o__Christensenellales;f__CAG-917;g__CAG-349,028a6fec,-,0.001232945384584118,610000,0.889610344650468,73807
SRR11125891,genus,0.0024394347240915206,d__Bacteria;p__Bacillota;c__Bacilli;o__Lactobacillales;f__Lactobacillaceae;g__Lactobacillus,028a6fec,-,0.0012058476838240277,580000,0.8887310969089954,73807
SRR11125891,genus,0.0022291386271870795,d__Bacteria;p__Bacteroidota;c__Bacteroidia;o__Bacteroidales;f__Marinifilaceae;g__Butyricimonas,028a6fec,-,0.000961968376983213,530000,0.8871615025531341,73807
SRR11125891,genus,0.002145020188425303,d__Bacteria;p__Bacillota;c__Clostridia;o__Oscillospirales;f__QAMX01;g__QAMX01,028a6fec,-,0.0009348706762231224,510000,0.8864926214316614,73807
SRR11125891,genus,0.002145020188425303,d__Bacteria;p__Bacillota;c__Bacilli;o__Erysipelotrichales;f__Erysipelotrichaceae;g__Colivicinus,028a6fec,-,0.0008671264243228962,510000,0.8864926214316614,73807
SRR11125891,genus,0.002018842530282638,d__Bacteria;p__Bacillota;c__Clostridia;o__Oscillospirales;f__Oscillospiraceae;g__Evtepia,028a6fec,-,0.0007722844716625795,480000,0.8854394577107502,73807
SRR11125891,genus,0.0018926648721399732,d__Bacteria;p__Bacillota;c__Clostridia;o__Lachnospirales;f__Lachnospiraceae;g__Bariatricus,028a6fec,-,0.0038614223583128974,450000,0.8843196771020417,73807
SRR11125891,genus,0.0018506056527590848,d__Bacteria;p__Desulfobacterota_I;c__Desulfovibrionia;o__Desulfovibrionales;f__Desulfovibrionaceae;g__Desulfovibrio,028a6fec,-,0.0007858333220426247,440000,0.8839300925771255,73807
SRR11125891,genus,0.0018085464333781965,d__Bacteria;p__Bacillota;c__Clostridia;o__Christensenellales;f__Aristaeellaceae;g__Limiplasma,028a6fec,-,0.0007180890701423985,430000,0.8835317288999857,73807
SRR11125891,genus,0.0016403095558546433,d__Bacteria;p__Bacteroidota;c__Bacteroidia;o__Bacteroidales;f__Muribaculaceae;g__W0P31-042,028a6fec,-,0.0006909913693823079,390000,0.8818418433984141,73807
SRR11125891,genus,0.001598250336473755,d__Bacteria;p__Bacillota;c__Clostridia;o__Oscillospirales;f__CAG-382;g__UBA1206,028a6fec,-,0.0013548850380045254,380000,0.8813928151934151,73807
SRR11125891,genus,0.001598250336473755,d__Bacteria;p__Bacillota;c__Clostridia;o__Oscillospirales;f__Acutalibacteraceae;g__CAG-488,028a6fec,-,0.0007180890701423984,380000,0.8813928151934151,73807
SRR11125891,genus,0.001598250336473755,d__Bacteria;p__Bacillota;c__Negativicutes;o__Acidaminococcales;f__Acidaminococcaceae;g__Phascolarctobacterium_A,028a6fec,-,0.0007722844716625795,380000,0.8813928151934151,73807
SRR11125891,genus,0.0015561911170928668,d__Bacteria;p__Bacillota;c__Clostridia;o__Oscillospirales;f__Oscillospiraceae;g__Vermiculatibacterium,028a6fec,-,0.0008806752747029414,370000,0.880932049371294,73807
SRR11125891,genus,0.0015141318977119785,d__Bacteria;p__Bacillota;c__Clostridia;o__Lachnospirales;f__Lachnospiraceae;g__Roseburia,028a6fec,-,0.0006774425190022627,360000,0.880458909133583,73807
SRR11125891,genus,0.0014720726783310901,d__Bacteria;p__Bacillota;c__Clostridia;o__Oscillospirales;f__Ruminococcaceae;g__Ruthenibacterium,028a6fec,-,0.001449726990664842,350000,0.8799727042205719,73807
SRR11125891,genus,0.0014720726783310901,d__Bacteria;p__Bacillota;c__Clostridia;o__Oscillospirales;f__Ruminococcaceae;g__UMGS1668,028a6fec,-,0.0006774425190022626,350000,0.8799727042205719,73807
SRR11125891,genus,0.0014300134589502018,d__Bacteria;p__Bacillota;c__Clostridia;o__Oscillospirales;f__Oscillospiraceae;g__CAG-103,028a6fec,-,0.0007451867709024889,340000,0.8794726847429641,73807
SRR11125891,genus,0.0013458950201884253,d__Bacteria;p__Bacillota;c__Clostridia;o__Oscillospirales;f__Ruminococcaceae;g__Angelakisella,028a6fec,-,0.0005961494167219911,320000,0.8784278607898806,73807
SRR11125891,genus,0.0012617765814266488,d__Bacteria;p__Bacillota;c__Bacilli;o__Lactobacillales;f__Streptococcaceae;g__Streptococcus,028a6fec,-,0.0006638936686222173,300000,0.8773169474732266,73807
SRR11125891,genus,0.0012617765814266488,d__Bacteria;p__Bacillota;c__Clostridia;o__Lachnospirales;f__Lachnospiraceae;g__JAFBIX01,028a6fec,-,0.0005013074640616744,300000,0.8773169474732266,73807
SRR11125891,genus,0.0012617765814266488,d__Bacteria;p__Bacillota;c__Clostridia;o__Oscillospirales;f__UMGS1384;g__JAAZKA01,028a6fec,-,0.0005148563144417197,300000,0.8773169474732266,73807
SRR11125891,genus,0.0012617765814266486,d__Bacteria;p__Actinomycetota;c__Coriobacteriia;o__Coriobacteriales;f__UMGS124;g__UMGS124,028a6fec,-,0.0005013074640616744,300000,0.8773169474732266,73807
SRR11125891,genus,0.0011776581426648722,d__Bacteria;p__Bacillota;c__Clostridia;o__Christensenellales;f__Aristaeellaceae;g__Faecivicinus,028a6fec,-,0.0004606609129215386,280000,0.8761309142914978,73807
SRR11125891,genus,0.0011355989232839838,d__Bacteria;p__Bacillota;c__Bacilli;o__Erysipelotrichales;f__Coprobacillaceae;g__Thomasclavelia,028a6fec,-,0.00042001436178140287,270000,0.8755063758700702,73807
SRR11125891,genus,0.0011355989232839838,d__Bacteria;p__Bacillota;c__Clostridia;o__Lachnospirales;f__Lachnospiraceae;g__Blautia_A,028a6fec,-,0.00042001436178140287,270000,0.8755063758700702,73807
SRR11125891,genus,0.0011355989232839838,d__Bacteria;p__Bacteroidota;c__Bacteroidia;o__Bacteroidales;f__Bacteroidaceae;g__Alloprevotella,028a6fec,-,0.0004606609129215386,270000,0.8755063758700702,73807
SRR11125891,genus,0.001009421265141319,d__Bacteria;p__Bacillota;c__Clostridia;o__Christensenellales;f__Aristaeellaceae;g__RUG11247,028a6fec,-,0.0004606609129215386,240000,0.8734867520623427,73807
SRR11125891,genus,0.0009673620457604306,d__Bacteria;p__Bacteroidota;c__Bacteroidia;o__Bacteroidales;f__Muribaculaceae;g__SFRY01,028a6fec,-,0.0003522701098811766,230000,0.8727581294689526,73807
SRR11125891,genus,0.0009673620457604306,d__Bacteria;p__Bacillota;c__Bacilli;o__Erysipelotrichales;f__Erysipelotrichaceae;g__JAHHTG01,028a6fec,-,0.00042001436178140287,230000,0.8727581294689526,73807
SRR11125891,genus,0.0009673620457604306,d__Bacteria;p__Bacteroidota;c__Bacteroidia;o__Bacteroidales;f__Muribaculaceae;g__CALZFJ01,028a6fec,-,0.0003793678106412671,230000,0.8727581294689526,73807
SRR11125891,genus,0.0009253028263795424,d__Bacteria;p__Bacillota;c__Clostridia;o__Lachnospirales;f__Lachnospiraceae;g__Clostridium_AP,028a6fec,-,0.00036581896026122184,220000,0.8719977621186885,73807
SRR11125891,genus,0.0009253028263795424,d__Bacteria;p__Bacillota;c__Clostridia;o__Oscillospirales;f__Oscillospiraceae;g__Pseudoflavonifractor,028a6fec,-,0.00032517240912108606,220000,0.8719977621186885,73807
SRR11125891,genus,0.0008832436069986541,d__Bacteria;p__Bacillota;c__Bacilli;o__Erysipelotrichales;f__Erysipelotrichaceae;g__Holdemanella,028a6fec,-,0.0004335632121614481,210000,0.8712027257625289,73807
SRR11125891,genus,0.0008411843876177658,d__Bacteria;p__Bacillota;c__Clostridia;o__Oscillospirales;f__Ruminococcaceae;g__UBA3818,028a6fec,-,0.00029807470836099557,200000,0.8703696708932626,73807
SRR11125891,genus,0.0008411843876177658,d__Bacteria;p__Bacillota;c__Clostridia;o__Christensenellales;f__Aristaeellaceae;g__Fimadaptatus,028a6fec,-,0.0003387212595011313,200000,0.8703696708932626,73807
SRR11125891,genus,0.0007991251682368775,d__Bacteria;p__Bacillota;c__Clostridia;o__Christensenellales;f__Aristaeellaceae;g__CAKUFI01,028a6fec,-,0.00029807470836099557,190000,0.8694947358963101,73807
SRR11125891,genus,0.0007991251682368775,d__Bacteria;p__Bacillota;c__Bacilli;o__MOL361;f__Turicibacteraceae;g__Turicibacter,028a6fec,-,0.0005555028655818554,190000,0.8694947358963101,73807
SRR11125891,genus,0.0007570659488559892,d__Bacteria;p__Bacillota;c__Clostridia;o__Lachnospirales;f__Lachnospiraceae;g__Choladousia,028a6fec,-,0.00032517240912108606,180000,0.8685734368014595,73807
SRR11125891,genus,0.0007570659488559892,d__Bacteria;p__Bacteroidota;c__Bacteroidia;o__Bacteroidales;f__Rikenellaceae;g__Alistipes,028a6fec,-,0.00028452585798095033,180000,0.8685734368014595,73807
SRR11125891,genus,0.0007570659488559892,d__Bacteria;p__Bacillota;c__Clostridia;o__Christensenellales;f__Christensenellaceae;g__Christensenella,028a6fec,-,0.0004606609129215386,180000,0.8685734368014595,73807
SRR11125891,genus,0.000715006729475101,d__Bacteria;p__Bacillota;c__Bacilli;o__Erysipelotrichales;f__Erysipelotrichaceae;g__Clostridium_AQ,028a6fec,-,0.0008671264243228962,170000,0.8676005256303292,73807
SRR11125891,genus,0.0007150067294751009,d__Bacteria;p__Bacillota;c__Clostridia;o__Oscillospirales;f__Ruminococcaceae;g__Fimivivens,028a6fec,-,0.00028452585798095033,170000,0.8676005256303292,73807
SRR11125891,genus,0.0007150067294751009,d__Bacteria;p__Bacillota;c__Bacilli;o__Lactobacillales;f__Lactobacillaceae;g__Ligilactobacillus,028a6fec,-,0.0006638936686222174,170000,0.8676005256303292,73807
SRR11125891,genus,0.0007150067294751009,d__Bacteria;p__Bacillota;c__Clostridia;o__Peptostreptococcales;f__Anaerovoracaceae;g__Fimisoma,028a6fec,-,0.0003116235587410408,170000,0.8676005256303292,73807
SRR11125891,genus,0.0007150067294751009,d__Bacteria;p__Bacillota;c__Clostridia;o__Lachnospirales;f__Lachnospiraceae;g__Anaerobutyricum,028a6fec,-,0.0002574281572208598,170000,0.8676005256303292,73807
SRR11125891,genus,0.0006729475100942127,d__Bacteria;p__Bacillota;c__Clostridia;o__Lachnospirales;f__Lachnospiraceae;g__UBA4285,028a6fec,-,0.00024387930684081454,160000,0.8665698059427116,73807
SRR11125891,genus,0.0006308882907133243,d__Bacteria;p__Bacillota;c__Clostridia;o__Christensenellales;f__Aristaeellaceae;g__SFTH01,028a6fec,-,0.00028452585798095033,150000,0.8654738890436661,73807
SRR11125891,genus,0.0006308882907133243,d__Bacteria;p__Bacillota;c__Clostridia;o__Clostridiales;f__Clostridiaceae;g__Sarcina,028a6fec,-,0.00021678160608072406,150000,0.8654738890436661,73807
SRR11125891,genus,0.0006308882907133243,d__Bacteria;p__Bacteroidota;c__Bacteroidia;o__Bacteroidales;f__P3;g__Onthomorpha,028a6fec,-,0.0002303304564607693,150000,0.8654738890436661,73807
SRR11125891,genus,0.0006308882907133243,d__Bacteria;p__Bacteroidota;c__Bacteroidia;o__Bacteroidales;f__Muribaculaceae;g__SFTJ01,028a6fec,-,0.0002709770076009051,150000,0.8654738890436661,73807
SRR11125891,genus,0.0005888290713324361,d__Bacteria;p__Bacillota;c__Clostridia;o__Oscillospirales;f__Acutalibacteraceae;g__Fimivicinus,028a6fec,-,0.0005148563144417196,140000,0.8643038663360437,73807
SRR11125891,genus,0.0005467698519515478,d__Bacteria;p__Bacillota;c__Clostridia;o__Oscillospirales;f__Oscillospiraceae;g__Apopatocola,028a6fec,-,0.0002032327557006788,130000,0.8630488605981727,73807
SRR11125891,genus,0.0005467698519515478,d__Bacteria;p__Spirochaetota;c__Spirochaetia;o__Sphaerochaetales;f__Sphaerochaetaceae;g__Ornithospirochaeta,028a6fec,-,0.00024387930684081457,130000,0.8630488605981727,73807
SRR11125891,genus,0.0005467698519515478,d__Bacteria;p__Bacillota;c__Clostridia;o__Oscillospirales;f__Oscillospiraceae;g__Lawsonibacter,028a6fec,-,0.0002303304564607693,130000,0.8630488605981727,73807
SRR11125891,genus,0.0005467698519515477,Eukaryota;Chordata;Mammalia;Artiodactyla;Suidae;Phacochoerus,028a6fec,-,0.0002032327557006788,130000,0.8630488605981727,73807
SRR11125891,genus,0.0005467698519515477,d__Bacteria;p__Actinomycetota;c__Coriobacteriia;o__Coriobacteriales;f__Coriobacteriaceae;g__Collinsella,028a6fec,-,0.0007587356212825342,130000,0.8630488605981727,73807
SRR11125891,genus,0.0005467698519515477,d__Bacteria;p__Bacillota;c__Clostridia;o__Oscillospirales;f__Ruminococcaceae;g__Bittarella,028a6fec,-,0.00036581896026122184,130000,0.8630488605981727,73807
SRR11125891,genus,0.0004626514131897712,d__Bacteria;p__Bacillota;c__Clostridia;o__Lachnospirales;f__Lachnospiraceae;g__Eisenbergiella,028a6fec,-,0.0003387212595011313,110000,0.8602265083238531,73807
SRR11125891,genus,0.0004626514131897712,d__Bacteria;p__Bacillota;c__Clostridia;o__Oscillospirales;f__Oscillospiraceae;g__Lawsonibacter_A,028a6fec,-,0.00021678160608072406,110000,0.8602265083238531,73807
SRR11125891,genus,0.0003785329744279946,d__Bacteria;p__Bacteroidota;c__Bacteroidia;o__Bacteroidales;f__Bacteroidaceae;g__UBA6382,028a6fec,-,0.00013548850380045254,90000,0.8568484085867073,73807
SRR11125891,genus,0.0003785329744279946,d__Bacteria;p__Bacillota;c__Clostridia;o__Christensenellales;f__UBA1750;g__Spyradocola,028a6fec,-,0.00016258620456054303,90000,0.8568484085867073,73807
SRR11125891,genus,0.0003785329744279946,d__Bacteria;p__Actinomycetota;c__Actinomycetes;o__Actinomycetales;f__Actinomycetaceae;g__Pauljensenia,028a6fec,-,0.00016258620456054303,90000,0.8568484085867073,73807
SRR11125891,genus,0.0003785329744279946,d__Bacteria;p__Bacillota;c__Bacilli;o__RF39;f__UBA660;g__CAG-1000,028a6fec,-,0.00012193965342040727,90000,0.8568484085867073,73807
SRR11125891,genus,0.0003785329744279946,d__Bacteria;p__Planctomycetota;c__Planctomycetia;o__Pirellulales;f__Thermoguttaceae;g__RUG369,028a6fec,-,0.00014903735418049779,90000,0.8568484085867073,73807
SRR11125891,genus,0.0003785329744279946,d__Bacteria;p__Verrucomicrobiota;c__Lentisphaeria;o__Victivallales;f__UBA1829;g__UBA11452,028a6fec,-,0.00014903735418049779,90000,0.8568484085867073,73807
SRR11125891,genus,0.00033647375504710633,d__Bacteria;p__Desulfobacterota_I;c__Desulfovibrionia;o__Desulfovibrionales;f__Desulfovibrionaceae;g__RGIG1962,028a6fec,-,0.00012193965342040727,80000,0.8548718250993794,73807
SRR11125891,genus,0.00033647375504710633,d__Bacteria;p__Bacillota;c__Clostridia;o__Lachnospirales;f__Lachnospiraceae;g__Coprococcus_A,028a6fec,-,0.0001761350549405883,80000,0.8548718250993794,73807
SRR11125891,genus,0.00033647375504710633,d__Bacteria;p__Bacillota;c__Clostridia;o__Lachnospirales;f__Lachnospiraceae;g__JAGTTR01,028a6fec,-,0.00012193965342040727,80000,0.8548718250993794,73807
SRR11125891,genus,0.00029441453566621804,d__Bacteria;p__Bacillota;c__Clostridia;o__Peptostreptococcales;f__Anaerovoracaceae;g__Hornefia,028a6fec,-,0.0007451867709024889,70000,0.8526364738168479,73807
SRR11125891,genus,0.00029441453566621804,d__Bacteria;p__Synergistota;c__Synergistia;o__Synergistales;f__Synergistaceae;g__Synergistes,028a6fec,-,0.00012193965342040727,70000,0.8526364738168479,73807
SRR11125891,genus,0.00029441453566621804,d__Bacteria;p__Bacillota;c__Clostridia;o__Lachnospirales;f__Lachnospiraceae;g__Chordicoccus,028a6fec,-,0.00012193965342040727,70000,0.8526364738168479,73807
SRR11125891,genus,0.00029441453566621804,d__Bacteria;p__Bacillota;c__Clostridia;o__Oscillospirales;f__Acutalibacteraceae;g__UMGS1623,028a6fec,-,9.484195266031677e-05,70000,0.8526364738168479,73807
SRR11125891,genus,0.00029441453566621804,d__Bacteria;p__Bacillota;c__Clostridia;o__Oscillospirales;f__Butyricicoccaceae;g__Agathobaculum,028a6fec,-,0.0002709770076009051,70000,0.8526364738168479,73807
SRR11125891,genus,0.00029441453566621804,d__Bacteria;p__Bacillota;c__Clostridia;o__TANB77;f__CAG-508;g__CAG-452,028a6fec,-,0.00014903735418049779,70000,0.8526364738168479,73807
SRR11125891,genus,0.00029441453566621804,d__Bacteria;p__Bacillota;c__Bacilli;o__RF39;f__UBA660;g__CAG-533,028a6fec,-,0.00010839080304036203,70000,0.8526364738168479,73807
SRR11125891,genus,0.00029441453566621804,d__Bacteria;p__Bacteroidota;c__Bacteroidia;o__Bacteroidales;f__Marinifilaceae;g__Gabonibacter,028a6fec,-,9.484195266031677e-05,70000,0.8526364738168479,73807
SRR11125891,genus,0.00025235531628532975,Eukaryota;Chordata;Mammalia;Artiodactyla;Suidae;Babyrousa,028a6fec,-,9.484195266031677e-05,60000,0.8500632177857105,73807
SRR11125891,genus,0.00025235531628532975,d__Bacteria;p__Bacillota;c__Clostridia;o__Oscillospirales;f__Oscillospiraceae;g__Flavonifractor,028a6fec,-,0.0003793678106412671,60000,0.8500632177857105,73807
SRR11125891,genus,0.00025235531628532975,d__Bacteria;p__Bacillota;c__Clostridia;o__Tissierellales;f__Peptoniphilaceae;g__JALFST01,028a6fec,-,8.129310228027151e-05,60000,0.8500632177857105,73807
SRR11125891,genus,0.00025235531628532975,d__Bacteria;p__Bacillota;c__Clostridia;o__Oscillospirales;f__CAG-272;g__UMGS1696,028a6fec,-,0.00012193965342040727,60000,0.8500632177857105,73807
SRR11125891,genus,0.00025235531628532975,d__Bacteria;p__Bacillota;c__Clostridia;o__Christensenellales;f__Maliibacteriaceae;g__RGIG9107,028a6fec,-,0.00012193965342040727,60000,0.8500632177857105,73807
SRR11125891,genus,0.00025235531628532975,d__Bacteria;p__Actinomycetota;c__Actinomycetes;o__Actinomycetales;f__Micrococcaceae;g__Rothia,028a6fec,-,0.00010839080304036203,60000,0.8500632177857105,73807
SRR11125891,genus,0.00025235531628532975,d__Bacteria;p__Bacillota;c__Clostridia;o__Christensenellales;f__Aristaeellaceae;g__SFMI01,028a6fec,-,9.484195266031677e-05,60000,0.8500632177857105,73807
SRR11125891,genus,0.00025235531628532975,d__Bacteria;p__Bacillota;c__Clostridia;o__Oscillospirales;f__CAG-272;g__Flemingiibacterium,028a6fec,-,9.484195266031677e-05,60000,0.8500632177857105,73807
SRR11125891,genus,0.00025235531628532975,d__Bacteria;p__Bacillota;c__Clostridia;o__Christensenellales;f__CAG-138;g__SFDB01,028a6fec,-,0.0006096982671020364,60000,0.8500632177857105,73807
SRR11125891,genus,0.00021029609690444146,d__Bacteria;p__Bacillota;c__Bacilli;o__RF39;f__UBA660;g__CAG-611,028a6fec,-,6.774425190022627e-05,50000,0.8470297246704097,73807
SRR11125891,genus,0.00021029609690444146,d__Bacteria;p__Bacillota;c__Clostridia;o__Lachnospirales;f__Lachnospiraceae;g__W0P33-017,028a6fec,-,6.774425190022627e-05,50000,0.8470297246704097,73807
SRR11125891,genus,0.00021029609690444146,d__Bacteria;p__Verrucomicrobiota;c__Lentisphaeria;o__Victivallales;f__Victivallaceae;g__Victivallis,028a6fec,-,6.774425190022627e-05,50000,0.8470297246704097,73807
SRR11125891,genus,0.00021029609690444146,d__Bacteria;p__Bacillota;c__Clostridia;o__Lachnospirales;f__Lachnospiraceae;g__Scatomonas,028a6fec,-,6.774425190022627e-05,50000,0.8470297246704097,73807
SRR11125891,genus,0.00021029609690444146,d__Bacteria;p__Bacillota;c__Clostridia;o__Lachnospirales;f__Lachnospiraceae;g__Ruminococcus_B,028a6fec,-,0.0001761350549405883,50000,0.8470297246704097,73807
SRR11125891,genus,0.00021029609690444146,d__Bacteria;p__Bacillota;c__Clostridia;o__Lachnospirales;f__Lachnospiraceae;g__Hominisplanchenecus_A,028a6fec,-,0.00029807470836099557,50000,0.8470297246704097,73807
SRR11125891,genus,0.4703482503364732,unclassified,028a6fec,-,0.31528174834365275,111830000,,73807
SRR11125891,species,0.06582267833109018,Eukaryota;Chordata;Mammalia;Artiodactyla;Suidae;Sus;Sus scrofa,028a6fec,-,0.025959597328166707,15650000,0.9480492372114512,73807
SRR11125891,species,0.02464670255720054,d__Bacteria;p__Pseudomonadota;c__Gammaproteobacteria;o__Enterobacterales;f__Enterobacteriaceae;g__Escherichia;s__Escherichia coli,028a6fec,-,0.0208381318845096,5860000,0.9299634057057057,73807
SRR11125891,species,0.012239232839838493,d__Bacteria;p__Bacteroidota;c__Bacteroidia;o__Bacteroidales;f__Tannerellaceae;g__Parabacteroides;s__Parabacteroides distasonis,028a6fec,-,0.007600905063205386,2910000,0.9172864627204327,73807
SRR11125891,species,0.012028936742934052,d__Bacteria;p__Bacillota;c__Clostridia;o__Lachnospirales;f__Lachnospiraceae;g__Oliverpabstia;s__Oliverpabstia sp004562915,028a6fec,-,0.011001666508596745,2860000,0.9169747919501692,73807
SRR11125891,species,0.01080921938088829,d__Bacteria;p__Bacteroidota;c__Bacteroidia;o__Bacteroidales;f__Muribaculaceae;g__Sodaliphilus;s__Sodaliphilus sp004557565,028a6fec,-,0.007844784370046202,2570000,0.9150544716864322,73807
SRR11125891,species,0.010178331090174967,d__Bacteria;p__Bacillota;c__Clostridia;o__Lachnospirales;f__Lachnospiraceae;g__Schaedlerella;s__Schaedlerella sp004556565,028a6fec,-,0.01684122102239625,2420000,0.9139760904771604,73807
SRR11125891,species,0.010136271870794078,d__Bacteria;p__Bacillota;c__Bacilli;o__Lactobacillales;f__Enterococcaceae;g__Enterococcus;s__Enterococcus faecalis,028a6fec,-,0.009755172273632581,2410000,0.9139018859309354,73807
SRR11125891,species,0.0093371467025572,d__Bacteria;p__Bacillota;c__Clostridia;o__Christensenellales;f__CAG-138;g__SFEL01;s__SFEL01 sp004557245,028a6fec,-,0.006869267142682943,2220000,0.9124315168354757,73807
SRR11125891,species,0.009042732166890983,d__Bacteria;p__Bacteroidota;c__Bacteroidia;o__Bacteroidales;f__Bacteroidaceae;g__Prevotella;s__Prevotella sp000434975,028a6fec,-,0.00508081889251697,2150000,0.9118584867292535,73807
SRR11125891,species,0.008453903095558546,d__Bacteria;p__Bacillota;c__Clostridia;o__Oscillospirales;f__Acutalibacteraceae;g__Limousia;s__Limousia pullorum,028a6fec,-,0.1345536331242294,2010000,0.9106553933166402,73807
SRR11125891,species,0.008411843876177659,d__Bacteria;p__Bacillota;c__Clostridia;o__Oscillospirales;f__Oscillospiraceae;g__Vescimonas;s__Vescimonas sp945877515,028a6fec,-,0.01972712615334589,2000000,0.9105663401892929,73807
SRR11125891,species,0.008243606998654104,d__Bacteria;p__Bacillota;c__Clostridia;o__Peptostreptococcales;f__Anaerovoracaceae;g__Lentihominibacter;s__Lentihominibacter sp022775805,028a6fec,-,0.019266465240424354,1960000,0.9102057075981914,73807
SRR11125891,species,0.007949192462987887,d__Bacteria;p__Bacillota;c__Clostridia;o__Christensenellales;f__CAG-138;g__Phil1;s__Phil1 sp001940855,028a6fec,-,0.041283347107997886,1890000,0.9095568794076492,73807
SRR11125891,species,0.007823014804845221,d__Archaea;p__Methanobacteriota;c__Methanobacteria;o__Methanobacteriales;f__Methanobacteriaceae;g__Methanocatella;s__Methanocatella smithii,028a6fec,-,0.027165445011990735,1860000,0.9092715669002684,73807
SRR11125891,species,0.007612718707940781,d__Bacteria;p__Bacillota;c__Clostridia;o__Oscillospirales;f__Acutalibacteraceae;g__Fimenecus;s__Fimenecus sp900766945,028a6fec,-,0.008942241250829867,1810000,0.908785866764606,73807
SRR11125891,species,0.007570659488559893,d__Bacteria;p__Bacillota;c__Clostridia;o__Oscillospirales;f__Oscillospiraceae;g__F23-B02;s__F23-B02 sp004557075,028a6fec,-,0.008156407928787242,1800000,0.9086871498201964,73807
SRR11125891,species,0.007444481830417227,d__Bacteria;p__Bacillota;c__Clostridia;o__Peptostreptococcales;f__Anaerovoracaceae;g__Mogibacterium_A;s__Mogibacterium_A kristiansenii,028a6fec,-,0.05056430961832888,1770000,0.9083877400909016,73807
SRR11125891,species,0.007360363391655451,d__Bacteria;p__Bacillota;c__Bacilli;o__Lactobacillales;f__Lactobacillaceae;g__Limosilactobacillus;s__Limosilactobacillus suis,028a6fec,-,0.05000880675274703,1750000,0.9081853567756267,73807
SRR11125891,species,0.007065948855989233,d__Bacteria;p__Bacillota;c__Clostridia;o__Oscillospirales;f__Ruminococcaceae;g__Gemmiger;s__Gemmiger sp900545545,028a6fec,-,0.00453886487731516,1680000,0.9074587076766799,73807
SRR11125891,species,0.007065948855989233,d__Bacteria;p__Bacillota;c__Clostridia;o__Oscillospirales;f__Oscillospiraceae;g__Faecousia;s__Faecousia sp022781505,028a6fec,-,0.005013074640616744,1680000,0.9074587076766799,73807
SRR11125891,species,0.006855652759084792,d__Bacteria;p__Bacillota;c__Bacilli;o__Lactobacillales;f__Enterococcaceae;g__Enterococcus_E;s__Enterococcus_E cecorum,028a6fec,-,0.009497744116411723,1630000,0.9069212638223126,73807
SRR11125891,species,0.006519179004037685,d__Bacteria;p__Bacillota;c__Clostridia;o__Christensenellales;f__CAG-138;g__CAG-1024;s__CAG-1024 sp000432015,028a6fec,-,0.007329928055604482,1550000,0.9060267858293787,73807
SRR11125891,species,0.005846231493943472,d__Bacteria;p__Bacteroidota;c__Bacteroidia;o__Bacteroidales;f__Muribaculaceae;g__UBA7173;s__UBA7173 sp001701135,028a6fec,-,0.004674353381115612,1390000,0.9040933088478977,73807
SRR11125891,species,0.005383580080753701,d__Bacteria;p__Bacillota;c__Clostridia;o__Oscillospirales;f__Oscillospiraceae;g__Pseudoflavonifractor_A;s__Pseudoflavonifractor_A sp022772585,028a6fec,-,0.0031433332881704986,1280000,0.9026329842162978,73807
SRR11125891,species,0.005215343203230148,d__Bacteria;p__Bacillota;c__Clostridia;o__Peptostreptococcales;f__Peptostreptococcaceae;g__Romboutsia;s__Romboutsia timonensis,028a6fec,-,0.002736867776769141,1240000,0.902071248839906,73807
SRR11125891,species,0.0050891655450874835,d__Bacteria;p__Actinomycetota;c__Coriobacteriia;o__Coriobacteriales;f__Eggerthellaceae;g__W1P20-047;s__W1P20-047 sp004555335,028a6fec,-,0.004227241318574119,1210000,0.901638163717718,73807
SRR11125891,species,0.005089165545087483,d__Bacteria;p__Bacillota;c__Bacilli;o__Lactobacillales;f__Lactobacillaceae;g__Limosilactobacillus;s__Limosilactobacillus vaginalis,028a6fec,-,0.004335632121614481,1210000,0.901638163717718,73807
SRR11125891,species,0.004920928667563929,d__Bacteria;p__Bacteroidota;c__Bacteroidia;o__Bacteroidales;f__UBA932;g__Cryptobacteroides;s__Cryptobacteroides sp000431015,028a6fec,-,0.0023710488165079196,1170000,0.9010440454429582,73807
SRR11125891,species,0.004794751009421266,d__Bacteria;p__Actinomycetota;c__Actinomycetes;o__Actinomycetales;f__Actinomycetaceae;g__Actinomyces;s__Actinomyces denticolens,028a6fec,-,0.002791063178289322,1140000,0.9005852395999613,73807
SRR11125891,species,0.0046685733512786005,d__Bacteria;p__Bacillota;c__Clostridia;o__Oscillospirales;f__Oscillospiraceae;g__Faecousia;s__Faecousia sp004556205,028a6fec,-,0.021203950844770822,1110000,0.900114440551953,73807
SRR11125891,species,0.004542395693135935,d__Bacteria;p__Bacillota;c__Clostridia;o__Oscillospirales;f__Oscillospiraceae;g__Hominicoprocola;s__Hominicoprocola sp003522105,028a6fec,-,0.002628476973728779,1080000,0.8996309976341097,73807
SRR11125891,species,0.004500336473755047,d__Bacteria;p__Bacillota;c__Clostridia;o__Oscillospirales;f__Oscillospiraceae;g__Vescimonas;s__Vescimonas sp934591815,028a6fec,-,0.0038614223583128974,1070000,0.8994669200338969,73807
SRR11125891,species,0.004458277254374159,d__Bacteria;p__Bacillota;c__Bacilli;o__Erysipelotrichales;f__Erysipelotrichaceae;g__Floccifex;s__Floccifex porci,028a6fec,-,0.00322462639045077,1060000,0.8993013321241952,73807
SRR11125891,species,0.004458277254374159,d__Bacteria;p__Bacillota;c__Clostridia;o__Oscillospirales;f__Oscillospiraceae;g__Intestinimonas;s__Intestinimonas massiliensis,028a6fec,-,0.0022084626119473765,1060000,0.8993013321241952,73807
SRR11125891,species,0.004458277254374159,d__Bacteria;p__Bacillota;c__Clostridia;o__Oscillospirales;f__Acutalibacteraceae;g__Eubacterium_R;s__Eubacterium_R coprostanoligenes,028a6fec,-,0.004660804530735568,1060000,0.8993013321241952,73807
SRR11125891,species,0.004374158815612382,d__Bacteria;p__Bacillota;c__Clostridia;o__Christensenellales;f__Aristaeellaceae;g__Ventricola;s__Ventricola sp945928315,028a6fec,-,0.0021678160608072407,1040000,0.8989655111728004,73807
SRR11125891,species,0.004332099596231495,d__Bacteria;p__Desulfobacterota_I;c__Desulfovibrionia;o__Desulfovibrionales;f__Desulfovibrionaceae;g__Bilophila;s__Bilophila wadsworthia,028a6fec,-,0.0017884482501659732,1030000,0.898795218977081,73807
SRR11125891,species,0.004332099596231494,d__Bacteria;p__Bacteroidota;c__Bacteroidia;o__Bacteroidales;f__Bacteroidaceae;g__Bacteroides;s__Bacteroides sp945879145,028a6fec,-,0.0024929884699283265,1030000,0.898795218977081,73807
SRR11125891,species,0.004290040376850606,d__Bacteria;p__Bacillota;c__Clostridia;o__Clostridiales;f__Clostridiaceae;g__Clostridium;s__Clostridium celatum,028a6fec,-,0.001923936753966426,1020000,0.8986232981001284,73807
SRR11125891,species,0.0042479811574697175,d__Bacteria;p__Bacillota;c__Negativicutes;o__Selenomonadales;f__Selenomonadaceae;g__Anaerovibrio;s__Anaerovibrio sp900548165,028a6fec,-,0.0024252442180281004,1010000,0.898449716766627,73807
SRR11125891,species,0.0042479811574697175,d__Bacteria;p__Bacillota;c__Clostridia;o__Peptostreptococcales;f__Anaerovoracaceae;g__CAG-238;s__CAG-238 sp945828095,028a6fec,-,0.002818160879049413,1010000,0.898449716766627,73807
SRR11125891,species,0.003911507402422611,d__Bacteria;p__Bacillota;c__Clostridia;o__Lachnospirales;f__Lachnospiraceae;g__SFDP01;s__SFDP01 sp004558185,028a6fec,-,0.0020052298562466975,930000,0.896997147346249,73807
SRR11125891,species,0.0038694481830417226,d__Bacteria;p__Bacillota;c__Clostridia;o__Oscillospirales;f__Oscillospiraceae;g__Oscillibacter;s__Oscillibacter sp022778785,028a6fec,-,0.0019374856043464714,920000,0.8968070231666198,73807
SRR11125891,species,0.0038273889636608344,d__Bacteria;p__Bacillota;c__Peptococcia;o__Peptococcales;f__Peptococcaceae;g__UMGS1590;s__UMGS1590 sp900759105,028a6fec,-,0.0020458764073868333,910000,0.8966148620469877,73807
SRR11125891,species,0.0037012113055181696,d__Bacteria;p__Bacillota;c__Clostridia;o__Oscillospirales;f__Acutalibacteraceae;g__CAG-177;s__CAG-177 sp003514385,028a6fec,-,0.0018561925020661998,880000,0.8960257038561731,73807
SRR11125891,species,0.0035329744279946162,d__Bacteria;p__Bacillota;c__Clostridia;o__Oscillospirales;f__Oscillospiraceae;g__Limivicinus;s__Limivicinus sp946061515,028a6fec,-,0.0048098418849160645,840000,0.8952087602336478,73807
SRR11125891,species,0.00344885598923284,d__Bacteria;p__Bacillota;c__Bacilli;o__RF39;f__UBA660;g__Aphodocola;s__Aphodocola sp000434835,028a6fec,-,0.0026420258241088247,820000,0.8947858731042302,73807
SRR11125891,species,0.0033647375504710633,d__Bacteria;p__Bacillota;c__Clostridia;o__Oscillospirales;f__Oscillospiraceae;g__CAG-170;s__CAG-170 sp004555655,028a6fec,-,0.00159876434484534,800000,0.8943527504959948,73807
SRR11125891,species,0.0032385598923283985,d__Bacteria;p__Bacillota;c__Clostridia;o__Lachnospirales;f__Lachnospiraceae;g__Limivivens;s__Limivivens sp900066135,028a6fec,-,0.0015039223921850232,770000,0.8936827418500697,73807
SRR11125891,species,0.00319650067294751,d__Bacteria;p__Synergistota;c__Synergistia;o__Synergistales;f__Synergistaceae;g__Cloacibacillus;s__Cloacibacillus porcorum,028a6fec,-,0.0014632758410448874,760000,0.8934537066216529,73807
SRR11125891,species,0.0031123822341857336,d__Bacteria;p__Bacillota;c__Clostridia;o__Oscillospirales;f__Acutalibacteraceae;g__Hominenteromicrobium;s__Hominenteromicrobium sp004555625,028a6fec,-,0.0016529597463655209,740000,0.8929866357259498,73807
SRR11125891,species,0.003028263795423957,Eukaryota;Chordata;Mammalia;Artiodactyla;Suidae;Sus;Sus cebifrons,028a6fec,-,0.0010839080304036203,720000,0.8925070210843875,73807
SRR11125891,species,0.0029441453566621807,d__Bacteria;p__Bacteroidota;c__Bacteroidia;o__Bacteroidales;f__Bacteroidaceae;g__Phocaeicola;s__Phocaeicola vulgatus,028a6fec,-,0.001246494234964163,700000,0.8920141629918104,73807
SRR11125891,species,0.002902086137281292,d__Bacteria;p__Bacteroidota;c__Bacteroidia;o__Bacteroidales;f__UBA932;g__Cryptobacteroides;s__Cryptobacteroides sp000433355,028a6fec,-,0.0014768246914249326,690000,0.891762532654785,73807
SRR11125891,species,0.002902086137281292,d__Bacteria;p__Bacteroidota;c__Bacteroidia;o__Bacteroidales;f__Bacteroidaceae;g__Prevotella;s__Prevotella pectinovora,028a6fec,-,0.0013142384868643894,690000,0.891762532654785,73807
SRR11125891,species,0.002733849259757739,d__Bacteria;p__Bacillota;c__Bacilli;o__Lactobacillales;f__Lactobacillaceae;g__Limosilactobacillus;s__Limosilactobacillus mucosae,028a6fec,-,0.0010974568807836655,650000,0.890718920732207,73807
SRR11125891,species,0.0026497308209959625,d__Bacteria;p__Bacillota;c__Clostridia;o__Christensenellales;f__Aristaeellaceae;g__SFHK01;s__SFHK01 sp004556395,028a6fec,-,0.0010026149281233488,630000,0.8901732598634963,73807
SRR11125891,species,0.002607671601615074,d__Bacteria;p__Bacillota;c__Clostridia;o__Eubacteriales;f__Eubacteriaceae;g__Eubacterium;s__Eubacterium callanderi,028a6fec,-,0.0010432614792634846,620000,0.8898940276675501,73807
SRR11125891,species,0.002565612382234186,d__Bacteria;p__Bacillota;c__Clostridia;o__Christensenellales;f__CAG-917;g__CAG-349;s__CAG-349 sp003539515,028a6fec,-,0.001232945384584118,610000,0.889610344650468,73807
SRR11125891,species,0.0025656123822341854,d__Bacteria;p__Actinomycetota;c__Actinomycetes;o__Mycobacteriales;f__Mycobacteriaceae;g__Corynebacterium;s__Corynebacterium xerosis,028a6fec,-,0.0011245545815437561,610000,0.889610344650468,73807
SRR11125891,species,0.0025235531628532972,d__Bacteria;p__Bacteroidota;c__Bacteroidia;o__Bacteroidales;f__Bacteroidaceae;g__Prevotella;s__Prevotella sp905193385,028a6fec,-,0.0011110057311637107,600000,0.889322065133853,73807
SRR11125891,species,0.002439434724091521,d__Bacteria;p__Bacillota;c__Clostridia;o__Lachnospirales;f__Lachnospiraceae;g__Enterocloster;s__Enterocloster porci,028a6fec,-,0.002371048816507919,580000,0.8887310969089954,73807
SRR11125891,species,0.0024394347240915206,d__Bacteria;p__Bacillota;c__Clostridia;o__Oscillospirales;f__Oscillospiraceae;g__Vescimonas;s__Vescimonas sp902388735,028a6fec,-,0.0011110057311637107,580000,0.8887310969089954,73807
SRR11125891,species,0.0023553162853297443,d__Bacteria;p__Bacillota;c__Clostridia;o__Oscillospirales;f__Oscillospiraceae;g__Vescimonas;s__Vescimonas sp900545495,028a6fec,-,0.002669123524868915,560000,0.888119802392286,73807
SRR11125891,species,0.0022291386271870795,d__Bacteria;p__Bacteroidota;c__Bacteroidia;o__Bacteroidales;f__Marinifilaceae;g__Butyricimonas;s__Butyricimonas virosa,028a6fec,-,0.000961968376983213,530000,0.8871615025531341,73807
SRR11125891,species,0.002145020188425303,d__Bacteria;p__Bacillota;c__Clostridia;o__Oscillospirales;f__QAMX01;g__QAMX01;s__QAMX01 sp004555605,028a6fec,-,0.0009348706762231224,510000,0.8864926214316614,73807
SRR11125891,species,0.002145020188425303,d__Bacteria;p__Bacteroidota;c__Bacteroidia;o__Bacteroidales;f__Bacteroidaceae;g__Bacteroides;s__Bacteroides fragilis,028a6fec,-,0.0016394108959854757,510000,0.8864926214316614,73807
SRR11125891,species,0.002145020188425303,d__Bacteria;p__Bacillota;c__Bacilli;o__Erysipelotrichales;f__Erysipelotrichaceae;g__Colivicinus;s__Colivicinus sp002299675,028a6fec,-,0.0008671264243228962,510000,0.8864926214316614,73807
SRR11125891,species,0.00197678331090175,d__Bacteria;p__Bacteroidota;c__Bacteroidia;o__Bacteroidales;f__Bacteroidaceae;g__Prevotella;s__Prevotella sp900552515,028a6fec,-,0.00079938217242267,470000,0.8850740131611111,73807
SRR11125891,species,0.0019767833109017494,d__Bacteria;p__Bacillota;c__Clostridia;o__Christensenellales;f__Aristaeellaceae;g__Ventricola;s__Ventricola sp004557905,028a6fec,-,0.0007722844716625795,470000,0.8850740131611111,73807
SRR11125891,species,0.0019347240915208613,d__Bacteria;p__Bacillota;c__Bacilli;o__Lactobacillales;f__Lactobacillaceae;g__Lactobacillus;s__Lactobacillus amylovorus,028a6fec,-,0.0009755172273632582,460000,0.8847008647184192,73807
SRR11125891,species,0.0018506056527590848,d__Bacteria;p__Desulfobacterota_I;c__Desulfovibrionia;o__Desulfovibrionales;f__Desulfovibrionaceae;g__Desulfovibrio;s__Desulfovibrio sp900556755,028a6fec,-,0.0007858333220426247,440000,0.8839300925771255,73807
SRR11125891,species,0.0016823687752355316,d__Bacteria;p__Bacillota;c__Clostridia;o__Oscillospirales;f__Ruminococcaceae;g__Gemmiger;s__Gemmiger sp945830575,028a6fec,-,0.000907772975463032,400000,0.8822797227136546,73807
SRR11125891,species,0.0016403095558546433,d__Bacteria;p__Bacillota;c__Clostridia;o__Lachnospirales;f__Lachnospiraceae;g__Bariatricus;s__Bariatricus massiliensis,028a6fec,-,0.0037665804056525804,390000,0.8818418433984141,73807
SRR11125891,species,0.0016403095558546433,d__Bacteria;p__Bacteroidota;c__Bacteroidia;o__Bacteroidales;f__Muribaculaceae;g__W0P31-042;s__W0P31-042 sp004557195,028a6fec,-,0.0006909913693823079,390000,0.8818418433984141,73807
SRR11125891,species,0.0015982503364737552,d__Bacteria;p__Bacillota;c__Clostridia;o__Oscillospirales;f__Oscillospiraceae;g__Oscillibacter;s__Oscillibacter segnis,028a6fec,-,0.0008400287235628057,380000,0.8813928151934151,73807
SRR11125891,species,0.001598250336473755,d__Bacteria;p__Bacillota;c__Clostridia;o__Oscillospirales;f__Oscillospiraceae;g__Vescimonas;s__Vescimonas sp000435555,028a6fec,-,0.0012464942349641633,380000,0.8813928151934151,73807
SRR11125891,species,0.001598250336473755,d__Bacteria;p__Bacillota;c__Clostridia;o__Oscillospirales;f__CAG-382;g__UBA1206;s__UBA1206 sp000433115,028a6fec,-,0.0013548850380045254,380000,0.8813928151934151,73807
SRR11125891,species,0.001598250336473755,d__Bacteria;p__Bacillota;c__Clostridia;o__Oscillospirales;f__Acutalibacteraceae;g__CAG-488;s__CAG-488 sp016292785,028a6fec,-,0.0007180890701423984,380000,0.8813928151934151,73807
SRR11125891,species,0.0015561911170928668,d__Bacteria;p__Bacteroidota;c__Bacteroidia;o__Bacteroidales;f__Muribaculaceae;g__CAG-873;s__CAG-873 sp004552485,028a6fec,-,0.0005826005663419458,370000,0.880932049371294,73807
SRR11125891,species,0.0015561911170928668,d__Bacteria;p__Bacillota;c__Clostridia;o__Oscillospirales;f__Oscillospiraceae;g__Vermiculatibacterium;s__Vermiculatibacterium sp900169975,028a6fec,-,0.0008806752747029414,370000,0.880932049371294,73807
SRR11125891,species,0.0015141318977119785,d__Bacteria;p__Bacillota;c__Clostridia;o__Lachnospirales;f__Lachnospiraceae;g__Roseburia;s__Roseburia inulinivorans,028a6fec,-,0.0006774425190022627,360000,0.880458909133583,73807
SRR11125891,species,0.0014720726783310901,d__Bacteria;p__Bacillota;c__Clostridia;o__Oscillospirales;f__Ruminococcaceae;g__Ruthenibacterium;s__Ruthenibacterium lactatiformans,028a6fec,-,0.001449726990664842,350000,0.8799727042205719,73807
SRR11125891,species,0.0014720726783310901,d__Bacteria;p__Bacillota;c__Clostridia;o__Oscillospirales;f__Ruminococcaceae;g__UMGS1668;s__UMGS1668 sp016296485,028a6fec,-,0.0006774425190022626,350000,0.8799727042205719,73807
SRR11125891,species,0.0014300134589502018,d__Bacteria;p__Bacillota;c__Clostridia;o__Oscillospirales;f__Oscillospiraceae;g__CAG-103;s__CAG-103 sp004556965,028a6fec,-,0.0007451867709024889,340000,0.8794726847429641,73807
SRR11125891,species,0.0013458950201884253,d__Bacteria;p__Bacillota;c__Clostridia;o__Oscillospirales;f__Oscillospiraceae;g__Evtepia;s__Evtepia sp004551945,028a6fec,-,0.0005284051648217649,320000,0.8784278607898806,73807
SRR11125891,species,0.0013458950201884253,d__Bacteria;p__Bacillota;c__Clostridia;o__Oscillospirales;f__Ruminococcaceae;g__Angelakisella;s__Angelakisella sp004557855,028a6fec,-,0.0005961494167219911,320000,0.8784278607898806,73807
SRR11125891,species,0.0012617765814266488,d__Bacteria;p__Bacillota;c__Bacilli;o__Lactobacillales;f__Streptococcaceae;g__Streptococcus;s__Streptococcus hyointestinalis,028a6fec,-,0.0006638936686222173,300000,0.8773169474732266,73807
SRR11125891,species,0.0012617765814266488,d__Bacteria;p__Bacillota;c__Clostridia;o__Lachnospirales;f__Lachnospiraceae;g__JAFBIX01;s__JAFBIX01 sp021531895,028a6fec,-,0.0005013074640616744,300000,0.8773169474732266,73807
SRR11125891,species,0.0012617765814266488,d__Bacteria;p__Bacillota;c__Clostridia;o__Oscillospirales;f__UMGS1384;g__JAAZKA01;s__JAAZKA01 sp016297585,028a6fec,-,0.0005148563144417197,300000,0.8773169474732266,73807
SRR11125891,species,0.0012617765814266486,d__Bacteria;p__Actinomycetota;c__Coriobacteriia;o__Coriobacteriales;f__UMGS124;g__UMGS124;s__UMGS124 sp900555105,028a6fec,-,0.0005013074640616744,300000,0.8773169474732266,73807
SRR11125891,species,0.0012617765814266486,d__Bacteria;p__Bacillota;c__Clostridia;o__Lachnospirales;f__Lachnospiraceae;g__Enterocloster;s__Enterocloster aldenensis,028a6fec,-,0.00268267237524896,300000,0.8773169474732266,73807
SRR11125891,species,0.0012197173620457605,d__Bacteria;p__Bacillota;c__Clostridia;o__Oscillospirales;f__Oscillospiraceae;g__Intestinimonas;s__Intestinimonas butyriciproducens,028a6fec,-,0.0009755172273632582,290000,0.8767339568341631,73807
SRR11125891,species,0.0011355989232839838,d__Bacteria;p__Bacillota;c__Bacilli;o__Erysipelotrichales;f__Coprobacillaceae;g__Thomasclavelia;s__Thomasclavelia ramosa,028a6fec,-,0.00042001436178140287,270000,0.8755063758700702,73807
SRR11125891,species,0.0010514804845222073,d__Bacteria;p__Bacteroidota;c__Bacteroidia;o__Bacteroidales;f__Bacteroidaceae;g__Prevotella;s__Prevotella sp002251385,028a6fec,-,0.00047420976330158384,250000,0.8741861980602252,73807
SRR11125891,species,0.001009421265141319,d__Bacteria;p__Bacillota;c__Clostridia;o__Christensenellales;f__Aristaeellaceae;g__RUG11247;s__RUG11247 sp902767315,028a6fec,-,0.0004606609129215386,240000,0.8734867520623427,73807
SRR11125891,species,0.0009673620457604306,d__Bacteria;p__Bacteroidota;c__Bacteroidia;o__Bacteroidales;f__Muribaculaceae;g__SFRY01;s__SFRY01 sp004562065,028a6fec,-,0.0003522701098811766,230000,0.8727581294689526,73807
SRR11125891,species,0.0009673620457604306,d__Bacteria;p__Bacillota;c__Bacilli;o__Erysipelotrichales;f__Erysipelotrichaceae;g__JAHHTG01;s__JAHHTG01 sp029097145,028a6fec,-,0.00042001436178140287,230000,0.8727581294689526,73807
SRR11125891,species,0.0009673620457604306,d__Bacteria;p__Bacillota;c__Clostridia;o__Christensenellales;f__Aristaeellaceae;g__Limiplasma;s__Limiplasma sp004556545,028a6fec,-,0.00042001436178140287,230000,0.8727581294689526,73807
SRR11125891,species,0.0009673620457604306,d__Bacteria;p__Bacillota;c__Clostridia;o__Oscillospirales;f__Oscillospiraceae;g__Oscillibacter;s__Oscillibacter sp004553545,028a6fec,-,0.0006774425190022627,230000,0.8727581294689526,73807
SRR11125891,species,0.0009673620457604306,d__Bacteria;p__Bacteroidota;c__Bacteroidia;o__Bacteroidales;f__Muribaculaceae;g__CALZFJ01;s__CALZFJ01 sp945645715,028a6fec,-,0.0003793678106412671,230000,0.8727581294689526,73807
SRR11125891,species,0.0009673620457604306,d__Bacteria;p__Bacillota;c__Clostridia;o__Oscillospirales;f__Oscillospiraceae;g__Hominicoprocola;s__Hominicoprocola fusiformis,028a6fec,-,0.001016163778503394,230000,0.8727581294689526,73807
SRR11125891,species,0.0009253028263795424,d__Bacteria;p__Bacillota;c__Clostridia;o__Lachnospirales;f__Lachnospiraceae;g__Clostridium_AP;s__Clostridium_AP scindens,028a6fec,-,0.00036581896026122184,220000,0.8719977621186885,73807
SRR11125891,species,0.0009253028263795424,d__Bacteria;p__Bacillota;c__Clostridia;o__Oscillospirales;f__Oscillospiraceae;g__Pseudoflavonifractor;s__Pseudoflavonifractor sp902362925,028a6fec,-,0.00032517240912108606,220000,0.8719977621186885,73807
SRR11125891,species,0.0008832436069986542,d__Bacteria;p__Bacillota;c__Bacilli;o__Lactobacillales;f__Lactobacillaceae;g__Limosilactobacillus;s__Limosilactobacillus reuteri,028a6fec,-,0.00399691086211335,210000,0.8712027257625289,73807
SRR11125891,species,0.0008832436069986541,d__Bacteria;p__Bacillota;c__Bacilli;o__Erysipelotrichales;f__Erysipelotrichaceae;g__Holdemanella;s__Holdemanella porci,028a6fec,-,0.0004335632121614481,210000,0.8712027257625289,73807
SRR11125891,species,0.0008411843876177658,d__Bacteria;p__Bacillota;c__Negativicutes;o__Acidaminococcales;f__Acidaminococcaceae;g__Phascolarctobacterium_A;s__Phascolarctobacterium_A sp946002345,028a6fec,-,0.00039291666102131233,200000,0.8703696708932626,73807
SRR11125891,species,0.0008411843876177658,d__Bacteria;p__Bacillota;c__Clostridia;o__Christensenellales;f__Aristaeellaceae;g__Limiplasma;s__Limiplasma sp934621505,028a6fec,-,0.00029807470836099557,200000,0.8703696708932626,73807
SRR11125891,species,0.0008411843876177658,d__Bacteria;p__Bacillota;c__Clostridia;o__Oscillospirales;f__Ruminococcaceae;g__UBA3818;s__UBA3818 sp900557155,028a6fec,-,0.00029807470836099557,200000,0.8703696708932626,73807
SRR11125891,species,0.0008411843876177658,d__Bacteria;p__Bacillota;c__Clostridia;o__Christensenellales;f__Aristaeellaceae;g__Fimadaptatus;s__Fimadaptatus sp948467645,028a6fec,-,0.0003387212595011313,200000,0.8703696708932626,73807
SRR11125891,species,0.0007991251682368775,d__Bacteria;p__Bacillota;c__Clostridia;o__Christensenellales;f__Aristaeellaceae;g__CAKUFI01;s__CAKUFI01 sp934647305,028a6fec,-,0.00029807470836099557,190000,0.8694947358963101,73807
SRR11125891,species,0.0007991251682368775,d__Bacteria;p__Bacillota;c__Bacilli;o__MOL361;f__Turicibacteraceae;g__Turicibacter;s__Turicibacter sanguinis,028a6fec,-,0.0005555028655818554,190000,0.8694947358963101,73807
SRR11125891,species,0.0007991251682368775,d__Bacteria;p__Bacillota;c__Clostridia;o__Oscillospirales;f__Oscillospiraceae;g__Faecousia;s__Faecousia sp900546415,028a6fec,-,0.0003522701098811766,190000,0.8694947358963101,73807
SRR11125891,species,0.0007570659488559892,d__Bacteria;p__Bacillota;c__Clostridia;o__Lachnospirales;f__Lachnospiraceae;g__Choladousia;s__Choladousia sp022776305,028a6fec,-,0.00032517240912108606,180000,0.8685734368014595,73807
SRR11125891,species,0.0007570659488559892,d__Bacteria;p__Bacteroidota;c__Bacteroidia;o__Bacteroidales;f__Tannerellaceae;g__Parabacteroides;s__Parabacteroides sp946055095,028a6fec,-,0.00032517240912108606,180000,0.8685734368014595,73807
SRR11125891,species,0.0007570659488559892,d__Bacteria;p__Bacteroidota;c__Bacteroidia;o__Bacteroidales;f__Rikenellaceae;g__Alistipes;s__Alistipes shahii,028a6fec,-,0.00028452585798095033,180000,0.8685734368014595,73807
SRR11125891,species,0.0007570659488559892,d__Bacteria;p__Bacillota;c__Clostridia;o__Christensenellales;f__Christensenellaceae;g__Christensenella;s__Christensenella minuta,028a6fec,-,0.0004606609129215386,180000,0.8685734368014595,73807
SRR11125891,species,0.0007570659488559891,d__Bacteria;p__Bacteroidota;c__Bacteroidia;o__Bacteroidales;f__Bacteroidaceae;g__Alloprevotella;s__Alloprevotella sp004552155,028a6fec,-,0.00028452585798095033,180000,0.8685734368014595,73807
SRR11125891,species,0.0007150067294751009,d__Bacteria;p__Bacillota;c__Clostridia;o__Christensenellales;f__Aristaeellaceae;g__Faecivicinus;s__Faecivicinus sp004555155,028a6fec,-,0.00028452585798095033,170000,0.8676005256303292,73807
SRR11125891,species,0.0007150067294751009,d__Bacteria;p__Bacillota;c__Clostridia;o__Oscillospirales;f__Ruminococcaceae;g__Fimivivens;s__Fimivivens sp900113995,028a6fec,-,0.00028452585798095033,170000,0.8676005256303292,73807
SRR11125891,species,0.0007150067294751009,d__Bacteria;p__Bacillota;c__Bacilli;o__Lactobacillales;f__Lactobacillaceae;g__Ligilactobacillus;s__Ligilactobacillus salivarius,028a6fec,-,0.0006638936686222174,170000,0.8676005256303292,73807
SRR11125891,species,0.0007150067294751009,d__Bacteria;p__Bacillota;c__Clostridia;o__Peptostreptococcales;f__Anaerovoracaceae;g__Fimisoma;s__Fimisoma sp002320005,028a6fec,-,0.0003116235587410408,170000,0.8676005256303292,73807
SRR11125891,species,0.0007150067294751009,d__Bacteria;p__Bacillota;c__Clostridia;o__Lachnospirales;f__Lachnospiraceae;g__Anaerobutyricum;s__Anaerobutyricum sp022764265,028a6fec,-,0.0002574281572208598,170000,0.8676005256303292,73807
SRR11125891,species,0.0007150067294751009,d__Bacteria;p__Bacillota;c__Clostridia;o__Lachnospirales;f__Lachnospiraceae;g__Enterocloster;s__Enterocloster clostridioformis,028a6fec,-,0.0014903735418049778,170000,0.8676005256303292,73807
SRR11125891,species,0.0006729475100942127,d__Bacteria;p__Bacteroidota;c__Bacteroidia;o__Bacteroidales;f__Muribaculaceae;g__CAG-873;s__CAG-873 sp945828175,028a6fec,-,0.00044711206254149336,160000,0.8665698059427116,73807
SRR11125891,species,0.0006729475100942127,d__Bacteria;p__Bacillota;c__Clostridia;o__Lachnospirales;f__Lachnospiraceae;g__Blautia_A;s__Blautia_A sp945872375,028a6fec,-,0.0002303304564607693,160000,0.8665698059427116,73807
SRR11125891,species,0.0006729475100942127,d__Bacteria;p__Bacillota;c__Clostridia;o__Lachnospirales;f__Lachnospiraceae;g__UBA4285;s__UBA4285 sp022769005,028a6fec,-,0.00024387930684081454,160000,0.8665698059427116,73807
SRR11125891,species,0.0006729475100942127,d__Bacteria;p__Bacillota;c__Clostridia;o__Oscillospirales;f__Oscillospiraceae;g__Evtepia;s__Evtepia sp016295225,028a6fec,-,0.00024387930684081454,160000,0.8665698059427116,73807
SRR11125891,species,0.0006308882907133243,d__Bacteria;p__Bacillota;c__Clostridia;o__Christensenellales;f__Aristaeellaceae;g__SFTH01;s__SFTH01 sp004557125,028a6fec,-,0.00028452585798095033,150000,0.8654738890436661,73807
SRR11125891,species,0.0006308882907133243,d__Bacteria;p__Bacillota;c__Clostridia;o__Clostridiales;f__Clostridiaceae;g__Sarcina;s__Sarcina perfringens,028a6fec,-,0.00021678160608072406,150000,0.8654738890436661,73807
SRR11125891,species,0.0006308882907133243,d__Bacteria;p__Bacteroidota;c__Bacteroidia;o__Bacteroidales;f__P3;g__Onthomorpha;s__Onthomorpha sp004551865,028a6fec,-,0.0002303304564607693,150000,0.8654738890436661,73807
SRR11125891,species,0.0006308882907133243,d__Bacteria;p__Bacillota;c__Clostridia;o__Oscillospirales;f__Ruminococcaceae;g__Gemmiger;s__Gemmiger variabilis_A,028a6fec,-,0.00021678160608072406,150000,0.8654738890436661,73807
SRR11125891,species,0.0006308882907133243,d__Bacteria;p__Bacillota;c__Clostridia;o__Oscillospirales;f__Oscillospiraceae;g__Oscillibacter;s__Oscillibacter sp004558115,028a6fec,-,0.0002709770076009051,150000,0.8654738890436661,73807
SRR11125891,species,0.0005888290713324361,d__Bacteria;p__Bacillota;c__Clostridia;o__Oscillospirales;f__Acutalibacteraceae;g__Fimivicinus;s__Fimivicinus sp900544715,028a6fec,-,0.0005148563144417196,140000,0.8643038663360437,73807
SRR11125891,species,0.0005888290713324361,d__Bacteria;p__Bacillota;c__Clostridia;o__Lachnospirales;f__Lachnospiraceae;g__Oliverpabstia;s__Oliverpabstia sp004556655,028a6fec,-,0.0005013074640616744,140000,0.8643038663360437,73807
SRR11125891,species,0.0005888290713324361,d__Bacteria;p__Bacteroidota;c__Bacteroidia;o__Bacteroidales;f__UBA932;g__Cryptobacteroides;s__Cryptobacteroides sp004552965,028a6fec,-,0.0003116235587410408,140000,0.8643038663360437,73807
SRR11125891,species,0.0005467698519515478,d__Bacteria;p__Bacillota;c__Clostridia;o__Oscillospirales;f__Oscillospiraceae;g__Apopatocola;s__Apopatocola sp004557735,028a6fec,-,0.0002032327557006788,130000,0.8630488605981727,73807
SRR11125891,species,0.0005467698519515477,Eukaryota;Chordata;Mammalia;Artiodactyla;Suidae;Phacochoerus;Phacochoerus africanus,028a6fec,-,0.0002032327557006788,130000,0.8630488605981727,73807
SRR11125891,species,0.0005467698519515477,d__Bacteria;p__Actinomycetota;c__Coriobacteriia;o__Coriobacteriales;f__Coriobacteriaceae;g__Collinsella;s__Collinsella sp002391315,028a6fec,-,0.0007587356212825342,130000,0.8630488605981727,73807
SRR11125891,species,0.0005467698519515477,d__Bacteria;p__Bacillota;c__Clostridia;o__Oscillospirales;f__Oscillospiraceae;g__Faecousia;s__Faecousia sp004562395,028a6fec,-,0.0002032327557006788,130000,0.8630488605981727,73807
SRR11125891,species,0.0005467698519515477,d__Bacteria;p__Bacillota;c__Clostridia;o__Oscillospirales;f__Ruminococcaceae;g__Bittarella;s__Bittarella massiliensis,028a6fec,-,0.00036581896026122184,130000,0.8630488605981727,73807
SRR11125891,species,0.0005047106325706595,d__Bacteria;p__Bacillota;c__Bacilli;o__Lactobacillales;f__Lactobacillaceae;g__Lactobacillus;s__Lactobacillus crispatus,028a6fec,-,0.0002303304564607693,120000,0.8616953981258715,73807
SRR11125891,species,0.0005047106325706595,d__Bacteria;p__Bacillota;c__Negativicutes;o__Acidaminococcales;f__Acidaminococcaceae;g__Phascolarctobacterium_A;s__Phascolarctobacterium_A sp900553055,028a6fec,-,0.0002709770076009051,120000,0.8616953981258715,73807
SRR11125891,species,0.0004626514131897712,d__Bacteria;p__Bacillota;c__Clostridia;o__Lachnospirales;f__Lachnospiraceae;g__Eisenbergiella;s__Eisenbergiella porci,028a6fec,-,0.0003387212595011313,110000,0.8602265083238531,73807
SRR11125891,species,0.0004626514131897712,d__Bacteria;p__Bacteroidota;c__Bacteroidia;o__Bacteroidales;f__UBA932;g__Cryptobacteroides;s__Cryptobacteroides sp000434935,028a6fec,-,0.0002709770076009051,110000,0.8602265083238531,73807
SRR11125891,species,0.0004626514131897712,d__Bacteria;p__Bacillota;c__Clostridia;o__Oscillospirales;f__Oscillospiraceae;g__Lawsonibacter_A;s__Lawsonibacter_A hominis,028a6fec,-,0.00021678160608072406,110000,0.8602265083238531,73807
SRR11125891,species,0.0004626514131897712,d__Bacteria;p__Bacteroidota;c__Bacteroidia;o__Bacteroidales;f__Muribaculaceae;g__CAG-873;s__CAG-873 sp004553485,028a6fec,-,0.00029807470836099557,110000,0.8602265083238531,73807
SRR11125891,species,0.0004626514131897712,d__Bacteria;p__Bacillota;c__Clostridia;o__Christensenellales;f__Aristaeellaceae;g__Faecivicinus;s__Faecivicinus sp934663595,028a6fec,-,0.0001761350549405883,110000,0.8602265083238531,73807
SRR11125891,species,0.0004205921938088829,d__Bacteria;p__Bacillota;c__Clostridia;o__Christensenellales;f__Aristaeellaceae;g__Ventricola;s__Ventricola sp022776785,028a6fec,-,0.0002574281572208598,100000,0.8586203949931513,73807
SRR11125891,species,0.0004205921938088829,d__Bacteria;p__Bacteroidota;c__Bacteroidia;o__Bacteroidales;f__UBA932;g__Cryptobacteroides;s__Cryptobacteroides sp022777585,028a6fec,-,0.00014903735418049779,100000,0.8586203949931513,73807
SRR11125891,species,0.0004205921938088829,d__Bacteria;p__Bacillota;c__Clostridia;o__Oscillospirales;f__Oscillospiraceae;g__Vescimonas;s__Vescimonas sp003487665,028a6fec,-,0.0002032327557006788,100000,0.8586203949931513,73807
SRR11125891,species,0.0004205921938088829,d__Bacteria;p__Bacillota;c__Clostridia;o__Clostridiales;f__Clostridiaceae;g__Clostridium;s__Clostridium disporicum_B,028a6fec,-,0.00013548850380045254,100000,0.8586203949931513,73807
SRR11125891,species,0.0004205921938088829,d__Bacteria;p__Bacillota;c__Bacilli;o__Lactobacillales;f__Lactobacillaceae;g__Limosilactobacillus;s__Limosilactobacillus reuteri_I,028a6fec,-,0.002479439619548281,100000,0.8586203949931513,73807
SRR11125891,species,0.0004205921938088829,d__Bacteria;p__Bacillota;c__Bacilli;o__Erysipelotrichales;f__Erysipelotrichaceae;g__Clostridium_AQ;s__Clostridium_AQ innocuum,028a6fec,-,0.0007587356212825342,100000,0.8586203949931513,73807
SRR11125891,species,0.0003785329744279946,d__Bacteria;p__Bacteroidota;c__Bacteroidia;o__Bacteroidales;f__Bacteroidaceae;g__UBA6382;s__UBA6382 sp945827465,028a6fec,-,0.00013548850380045254,90000,0.8568484085867073,73807
SRR11125891,species,0.0003785329744279946,d__Bacteria;p__Bacillota;c__Clostridia;o__Christensenellales;f__UBA1750;g__Spyradocola;s__Spyradocola sp034113365,028a6fec,-,0.00016258620456054303,90000,0.8568484085867073,73807
SRR11125891,species,0.0003785329744279946,d__Bacteria;p__Bacillota;c__Clostridia;o__Clostridiales;f__Clostridiaceae;g__Clostridium;s__Clostridium sp900766315,028a6fec,-,0.00014903735418049779,90000,0.8568484085867073,73807
SRR11125891,species,0.0003785329744279946,d__Bacteria;p__Actinomycetota;c__Actinomycetes;o__Actinomycetales;f__Actinomycetaceae;g__Pauljensenia;s__Pauljensenia hyovaginalis,028a6fec,-,0.00016258620456054303,90000,0.8568484085867073,73807
SRR11125891,species,0.0003785329744279946,d__Bacteria;p__Bacillota;c__Bacilli;o__RF39;f__UBA660;g__CAG-1000;s__CAG-1000 sp000436975,028a6fec,-,0.00012193965342040727,90000,0.8568484085867073,73807
SRR11125891,species,0.0003785329744279946,d__Bacteria;p__Planctomycetota;c__Planctomycetia;o__Pirellulales;f__Thermoguttaceae;g__RUG369;s__RUG369 sp004556055,028a6fec,-,0.00014903735418049779,90000,0.8568484085867073,73807
SRR11125891,species,0.0003785329744279946,d__Bacteria;p__Bacteroidota;c__Bacteroidia;o__Bacteroidales;f__Bacteroidaceae;g__Alloprevotella;s__Alloprevotella sp022772475,028a6fec,-,0.0001761350549405883,90000,0.8568484085867073,73807
SRR11125891,species,0.0003785329744279946,d__Bacteria;p__Verrucomicrobiota;c__Lentisphaeria;o__Victivallales;f__UBA1829;g__UBA11452;s__UBA11452 sp003526375,028a6fec,-,0.00014903735418049779,90000,0.8568484085867073,73807
SRR11125891,species,0.00033647375504710633,d__Bacteria;p__Desulfobacterota_I;c__Desulfovibrionia;o__Desulfovibrionales;f__Desulfovibrionaceae;g__RGIG1962;s__RGIG1962 sp944325195,028a6fec,-,0.00012193965342040727,80000,0.8548718250993794,73807
SRR11125891,species,0.00033647375504710633,d__Bacteria;p__Bacillota;c__Clostridia;o__Lachnospirales;f__Lachnospiraceae;g__Coprococcus_A;s__Coprococcus_A intestinihominis,028a6fec,-,0.0001761350549405883,80000,0.8548718250993794,73807
SRR11125891,species,0.00033647375504710633,d__Bacteria;p__Bacillota;c__Clostridia;o__Lachnospirales;f__Lachnospiraceae;g__JAGTTR01;s__JAGTTR01 sp022763925,028a6fec,-,0.00012193965342040727,80000,0.8548718250993794,73807
SRR11125891,species,0.00033647375504710633,d__Bacteria;p__Bacteroidota;c__Bacteroidia;o__Bacteroidales;f__Muribaculaceae;g__SFTJ01;s__SFTJ01 sp905210415,028a6fec,-,0.00013548850380045254,80000,0.8548718250993794,73807
SRR11125891,species,0.00033647375504710633,d__Bacteria;p__Bacillota;c__Clostridia;o__Oscillospirales;f__Oscillospiraceae;g__Hominicoprocola;s__Hominicoprocola sp900317525,028a6fec,-,0.0001761350549405883,80000,0.8548718250993794,73807
SRR11125891,species,0.00033647375504710633,d__Bacteria;p__Bacillota;c__Clostridia;o__Oscillospirales;f__Oscillospiraceae;g__Limivicinus;s__Limivicinus sp022782265,028a6fec,-,0.0004606609129215386,80000,0.8548718250993794,73807
SRR11125891,species,0.00029441453566621804,d__Bacteria;p__Bacillota;c__Clostridia;o__Oscillospirales;f__Oscillospiraceae;g__Vescimonas;s__Vescimonas sp004555205,028a6fec,-,0.0005419540152018102,70000,0.8526364738168479,73807
SRR11125891,species,0.00029441453566621804,d__Bacteria;p__Bacillota;c__Bacilli;o__Erysipelotrichales;f__Erysipelotrichaceae;g__Clostridium_AQ;s__Clostridium_AQ sp003481775,028a6fec,-,0.00010839080304036203,70000,0.8526364738168479,73807
SRR11125891,species,0.00029441453566621804,d__Bacteria;p__Actinomycetota;c__Actinomycetes;o__Actinomycetales;f__Actinomycetaceae;g__Actinomyces;s__Actinomyces howellii,028a6fec,-,9.484195266031677e-05,70000,0.8526364738168479,73807
SRR11125891,species,0.00029441453566621804,d__Bacteria;p__Bacillota;c__Clostridia;o__Peptostreptococcales;f__Anaerovoracaceae;g__Hornefia;s__Hornefia butyriciproducens,028a6fec,-,0.0007451867709024889,70000,0.8526364738168479,73807
SRR11125891,species,0.00029441453566621804,d__Bacteria;p__Synergistota;c__Synergistia;o__Synergistales;f__Synergistaceae;g__Synergistes;s__Synergistes jonesii,028a6fec,-,0.00012193965342040727,70000,0.8526364738168479,73807
SRR11125891,species,0.00029441453566621804,d__Bacteria;p__Spirochaetota;c__Spirochaetia;o__Sphaerochaetales;f__Sphaerochaetaceae;g__Ornithospirochaeta;s__Ornithospirochaeta sp945947045,028a6fec,-,0.00013548850380045254,70000,0.8526364738168479,73807
SRR11125891,species,0.00029441453566621804,d__Bacteria;p__Bacillota;c__Clostridia;o__Lachnospirales;f__Lachnospiraceae;g__Chordicoccus;s__Chordicoccus sp029005135,028a6fec,-,0.00012193965342040727,70000,0.8526364738168479,73807
SRR11125891,species,0.00029441453566621804,d__Bacteria;p__Bacillota;c__Clostridia;o__Oscillospirales;f__Acutalibacteraceae;g__UMGS1623;s__UMGS1623 sp902492895,028a6fec,-,9.484195266031677e-05,70000,0.8526364738168479,73807
SRR11125891,species,0.00029441453566621804,d__Bacteria;p__Bacillota;c__Clostridia;o__Oscillospirales;f__Oscillospiraceae;g__Lawsonibacter;s__Lawsonibacter sp000177015,028a6fec,-,0.00013548850380045254,70000,0.8526364738168479,73807
SRR11125891,species,0.00029441453566621804,d__Bacteria;p__Bacteroidota;c__Bacteroidia;o__Bacteroidales;f__Muribaculaceae;g__SFTJ01;s__SFTJ01 sp004557385,028a6fec,-,0.00013548850380045254,70000,0.8526364738168479,73807
SRR11125891,species,0.00029441453566621804,d__Bacteria;p__Bacillota;c__Clostridia;o__Oscillospirales;f__Butyricicoccaceae;g__Agathobaculum;s__Agathobaculum sp022775115,028a6fec,-,0.0002709770076009051,70000,0.8526364738168479,73807
SRR11125891,species,0.00029441453566621804,d__Bacteria;p__Bacteroidota;c__Bacteroidia;o__Bacteroidales;f__UBA932;g__Cryptobacteroides;s__Cryptobacteroides sp900546925,028a6fec,-,0.0022897557142276476,70000,0.8526364738168479,73807
SRR11125891,species,0.00029441453566621804,d__Bacteria;p__Bacillota;c__Clostridia;o__TANB77;f__CAG-508;g__CAG-452;s__CAG-452 sp000434035,028a6fec,-,0.00014903735418049779,70000,0.8526364738168479,73807
SRR11125891,species,0.00029441453566621804,d__Bacteria;p__Bacillota;c__Bacilli;o__RF39;f__UBA660;g__CAG-533;s__CAG-533 sp000434495,028a6fec,-,0.00010839080304036203,70000,0.8526364738168479,73807
SRR11125891,species,0.00029441453566621804,d__Bacteria;p__Bacillota;c__Clostridia;o__Oscillospirales;f__Oscillospiraceae;g__Vescimonas;s__Vescimonas sp945915065,028a6fec,-,0.0002574281572208598,70000,0.8526364738168479,73807
SRR11125891,species,0.00029441453566621804,d__Bacteria;p__Bacteroidota;c__Bacteroidia;o__Bacteroidales;f__Marinifilaceae;g__Gabonibacter;s__Gabonibacter massiliensis,028a6fec,-,9.484195266031677e-05,70000,0.8526364738168479,73807
SRR11125891,species,0.00029441453566621804,d__Bacteria;p__Bacillota;c__Clostridia;o__Oscillospirales;f__Oscillospiraceae;g__Faecousia;s__Faecousia sp029003235,028a6fec,-,0.00014903735418049779,70000,0.8526364738168479,73807
SRR11125891,species,0.00025235531628532975,Eukaryota;Chordata;Mammalia;Artiodactyla;Suidae;Babyrousa;Babyrousa celebensis,028a6fec,-,9.484195266031677e-05,60000,0.8500632177857105,73807
SRR11125891,species,0.00025235531628532975,d__Bacteria;p__Bacillota;c__Clostridia;o__Oscillospirales;f__Oscillospiraceae;g__Flavonifractor;s__Flavonifractor sp017811815,028a6fec,-,0.0003793678106412671,60000,0.8500632177857105,73807
SRR11125891,species,0.00025235531628532975,d__Bacteria;p__Bacillota;c__Clostridia;o__Clostridiales;f__Clostridiaceae;g__Clostridium;s__Clostridium sp900543325,028a6fec,-,0.00010839080304036203,60000,0.8500632177857105,73807
SRR11125891,species,0.00025235531628532975,d__Bacteria;p__Bacillota;c__Clostridia;o__Tissierellales;f__Peptoniphilaceae;g__JALFST01;s__JALFST01 sp022779285,028a6fec,-,8.129310228027151e-05,60000,0.8500632177857105,73807
SRR11125891,species,0.00025235531628532975,d__Bacteria;p__Bacillota;c__Clostridia;o__Oscillospirales;f__CAG-272;g__UMGS1696;s__UMGS1696 sp900554225,028a6fec,-,0.00012193965342040727,60000,0.8500632177857105,73807
SRR11125891,species,0.00025235531628532975,d__Bacteria;p__Bacillota;c__Clostridia;o__Christensenellales;f__Maliibacteriaceae;g__RGIG9107;s__RGIG9107 sp934613185,028a6fec,-,0.00012193965342040727,60000,0.8500632177857105,73807
SRR11125891,species,0.00025235531628532975,d__Bacteria;p__Bacteroidota;c__Bacteroidia;o__Bacteroidales;f__UBA932;g__Cryptobacteroides;s__Cryptobacteroides sp900546445,028a6fec,-,9.484195266031677e-05,60000,0.8500632177857105,73807
SRR11125891,species,0.00025235531628532975,d__Bacteria;p__Actinomycetota;c__Actinomycetes;o__Actinomycetales;f__Micrococcaceae;g__Rothia;s__Rothia sp034090985,028a6fec,-,0.00010839080304036203,60000,0.8500632177857105,73807
SRR11125891,species,0.00025235531628532975,d__Bacteria;p__Bacillota;c__Clostridia;o__Oscillospirales;f__Oscillospiraceae;g__Lawsonibacter;s__Lawsonibacter phocaeensis_B,028a6fec,-,9.484195266031677e-05,60000,0.8500632177857105,73807
SRR11125891,species,0.00025235531628532975,d__Bacteria;p__Bacillota;c__Clostridia;o__Lachnospirales;f__Lachnospiraceae;g__Bariatricus;s__Bariatricus sp029227655,028a6fec,-,9.484195266031677e-05,60000,0.8500632177857105,73807
SRR11125891,species,0.00025235531628532975,d__Bacteria;p__Bacillota;c__Clostridia;o__Christensenellales;f__Aristaeellaceae;g__SFMI01;s__SFMI01 sp004556155,028a6fec,-,9.484195266031677e-05,60000,0.8500632177857105,73807
SRR11125891,species,0.00025235531628532975,d__Bacteria;p__Bacillota;c__Clostridia;o__Oscillospirales;f__CAG-272;g__Flemingiibacterium;s__Flemingiibacterium sp900546315,028a6fec,-,9.484195266031677e-05,60000,0.8500632177857105,73807
SRR11125891,species,0.00025235531628532975,d__Bacteria;p__Bacillota;c__Bacilli;o__RF39;f__UBA660;g__Aphodocola;s__Aphodocola sp900547225,028a6fec,-,0.0002032327557006788,60000,0.8500632177857105,73807
SRR11125891,species,0.00025235531628532975,d__Bacteria;p__Bacteroidota;c__Bacteroidia;o__Bacteroidales;f__UBA932;g__Cryptobacteroides;s__Cryptobacteroides sp034089285,028a6fec,-,0.00010839080304036203,60000,0.8500632177857105,73807
SRR11125891,species,0.00025235531628532975,d__Bacteria;p__Bacillota;c__Clostridia;o__Lachnospirales;f__Lachnospiraceae;g__Enterocloster;s__Enterocloster bolteae,028a6fec,-,0.00014903735418049779,60000,0.8500632177857105,73807
SRR11125891,species,0.00025235531628532975,d__Bacteria;p__Bacillota;c__Clostridia;o__Lachnospirales;f__Lachnospiraceae;g__Enterocloster;s__Enterocloster lavalensis,028a6fec,-,9.484195266031677e-05,60000,0.8500632177857105,73807
SRR11125891,species,0.00025235531628532975,d__Bacteria;p__Bacillota;c__Clostridia;o__Lachnospirales;f__Lachnospiraceae;g__Blautia_A;s__Blautia_A sp022770365,028a6fec,-,0.00010839080304036203,60000,0.8500632177857105,73807
SRR11125891,species,0.00025235531628532975,d__Bacteria;p__Bacillota;c__Negativicutes;o__Acidaminococcales;f__Acidaminococcaceae;g__Phascolarctobacterium_A;s__Phascolarctobacterium_A succinatutens,028a6fec,-,0.00010839080304036203,60000,0.8500632177857105,73807
SRR11125891,species,0.00025235531628532975,d__Bacteria;p__Bacillota;c__Clostridia;o__Oscillospirales;f__Oscillospiraceae;g__Oscillibacter;s__Oscillibacter sp945873695,028a6fec,-,0.00012193965342040727,60000,0.8500632177857105,73807
SRR11125891,species,0.00025235531628532975,d__Bacteria;p__Bacillota;c__Clostridia;o__Christensenellales;f__CAG-138;g__SFDB01;s__SFDB01 sp004558825,028a6fec,-,0.0006096982671020364,60000,0.8500632177857105,73807
SRR11125891,species,0.00025235531628532975,d__Bacteria;p__Spirochaetota;c__Spirochaetia;o__Sphaerochaetales;f__Sphaerochaetaceae;g__Ornithospirochaeta;s__Ornithospirochaeta sp022785155,028a6fec,-,0.00010839080304036203,60000,0.8500632177857105,73807
SRR11125891,species,0.00021029609690444146,d__Bacteria;p__Bacillota;c__Bacilli;o__RF39;f__UBA660;g__CAG-611;s__CAG-611 sp900552235,028a6fec,-,6.774425190022627e-05,50000,0.8470297246704097,73807
SRR11125891,species,0.00021029609690444146,d__Bacteria;p__Bacteroidota;c__Bacteroidia;o__Bacteroidales;f__Bacteroidaceae;g__Phocaeicola;s__Phocaeicola plebeius_B,028a6fec,-,0.0002574281572208598,50000,0.8470297246704097,73807
SRR11125891,species,0.00021029609690444146,d__Bacteria;p__Bacillota;c__Clostridia;o__Lachnospirales;f__Lachnospiraceae;g__W0P33-017;s__W0P33-017 sp004562765,028a6fec,-,6.774425190022627e-05,50000,0.8470297246704097,73807
SRR11125891,species,0.00021029609690444146,d__Bacteria;p__Verrucomicrobiota;c__Lentisphaeria;o__Victivallales;f__Victivallaceae;g__Victivallis;s__Victivallis vadensis,028a6fec,-,6.774425190022627e-05,50000,0.8470297246704097,73807
SRR11125891,species,0.00021029609690444146,d__Bacteria;p__Bacillota;c__Clostridia;o__Oscillospirales;f__Oscillospiraceae;g__Faecousia;s__Faecousia sp028719885,028a6fec,-,0.00028452585798095033,50000,0.8470297246704097,73807
SRR11125891,species,0.00021029609690444146,d__Bacteria;p__Bacillota;c__Clostridia;o__Lachnospirales;f__Lachnospiraceae;g__Scatomonas;s__Scatomonas hejianensis,028a6fec,-,6.774425190022627e-05,50000,0.8470297246704097,73807
SRR11125891,species,0.00021029609690444146,d__Bacteria;p__Bacillota;c__Bacilli;o__Lactobacillales;f__Lactobacillaceae;g__Limosilactobacillus;s__Limosilactobacillus reuteri_J,028a6fec,-,0.0008535775739428509,50000,0.8470297246704097,73807
SRR11125891,species,0.00021029609690444146,d__Bacteria;p__Bacillota;c__Clostridia;o__Oscillospirales;f__Oscillospiraceae;g__CAG-170;s__CAG-170 sp002404795,028a6fec,-,0.00018968390532063354,50000,0.8470297246704097,73807
SRR11125891,species,0.00021029609690444146,d__Bacteria;p__Bacillota;c__Clostridia;o__Lachnospirales;f__Lachnospiraceae;g__Ruminococcus_B;s__Ruminococcus_B gnavus,028a6fec,-,0.0001761350549405883,50000,0.8470297246704097,73807
SRR11125891,species,0.00021029609690444146,d__Bacteria;p__Bacillota;c__Clostridia;o__Oscillospirales;f__Oscillospiraceae;g__Limivicinus;s__Limivicinus sp003150355,028a6fec,-,6.774425190022627e-05,50000,0.8470297246704097,73807
SRR11125891,species,0.00021029609690444146,d__Bacteria;p__Bacillota;c__Clostridia;o__Lachnospirales;f__Lachnospiraceae;g__Blautia_A;s__Blautia_A ammoniilytica,028a6fec,-,8.129310228027151e-05,50000,0.8470297246704097,73807
SRR11125891,species,0.00021029609690444146,d__Bacteria;p__Bacillota;c__Clostridia;o__Lachnospirales;f__Lachnospiraceae;g__Hominisplanchenecus_A;s__Hominisplanchenecus_A sp900539525,028a6fec,-,0.00029807470836099557,50000,0.8470297246704097,73807
SRR11125891,species,0.00021029609690444146,d__Bacteria;p__Bacillota;c__Clostridia;o__Christensenellales;f__CAG-138;g__Phil1;s__Phil1 sp004558525,028a6fec,-,0.0004606609129215386,50000,0.8470297246704097,73807
SRR11125891,species,0.00021029609690444146,d__Bacteria;p__Actinomycetota;c__Actinomycetes;o__Mycobacteriales;f__Mycobacteriaceae;g__Corynebacterium;s__Corynebacterium sp012837295,028a6fec,-,8.129310228027151e-05,50000,0.8470297246704097,73807
SRR11125891,species,0.4703482503364729,unclassified,028a6fec,-,0.31528174834365286,111830000,,73807
SRR11125891,strain,0.06582267833109018,Eukaryota;Chordata;Mammalia;Artiodactyla;Suidae;Sus;Sus scrofa;unclassified Sus scrofa subspecies/strain,028a6fec,-,0.025959597328166707,15650000,0.9480492372114512,73807
SRR11125891,strain,0.003028263795423957,Eukaryota;Chordata;Mammalia;Artiodactyla;Suidae;Sus;Sus cebifrons;unclassified Sus cebifrons subspecies/strain,028a6fec,-,0.0010839080304036203,720000,0.8925070210843875,73807
SRR11125891,strain,0.0005467698519515477,Eukaryota;Chordata;Mammalia;Artiodactyla;Suidae;Phacochoerus;Phacochoerus africanus;unclassified Phacochoerus africanus subspecies/strain,028a6fec,-,0.0002032327557006788,130000,0.8630488605981727,73807
SRR11125891,strain,0.00025235531628532975,Eukaryota;Chordata;Mammalia;Artiodactyla;Suidae;Babyrousa;Babyrousa celebensis;unclassified Babyrousa celebensis subspecies/strain,028a6fec,-,9.484195266031677e-05,60000,0.8500632177857105,73807
SRR11125891,strain,0.930349932705249,unclassified,028a6fec,-,0.9726584199330687,221200000,,73807
